Workbook
Name Picks: #REF!
Name Slicer_Period: #N/A
Name Slicer_Period11: #N/A
Name Slicer_Regular__Playoffs: #N/A
Name Slicer_Regular__Playoffs1: #N/A
Name Slicer_Team: #N/A
Name Slicer_Team1: #N/A
Name Slicer_Team11: #N/A
Name Slicer_Team12: #N/A
Name Slicer_vs_Opponent1: #N/A
Name Slicer_vs_Opponent11: #N/A
Name Slicer_vs_Opponent12: #N/A
Name Slicer_Year: #N/A
Name Slicer_Year1: #N/A
Name Slicer_Year11: #N/A
Name Slicer_Year2: #N/A

Sheet Playoffs
A2: Regular/ Playoffs | B2: Playoffs
A4: Row Labels | B4: Wins | C4: Ties | D4: Losses | E4: Win% | F4: FGM | G4: FG% | H4: 3PM | I4: 3P% | J4: FT% | K4: PTS | L4: OREB | M4: DREB | N4: AST | O4: STL | P4: BLK | Q4: TO | R4: A/TO | S4: Sum of Match No
A5: Final
A6: Pachiana NinjaBees | B6: 7 | C6: 0 | D6: 6 | E6: 0.53846154 | F6: 216 | G6: 0.526 | H6: 41 | I6: 0.328 | J6: 0.77 | K6: 550 | L6: 41 | M6: 149 | N6: 167 | O6: 46 | P6: 24 | Q6: 61 | R6: 2.74 | S6: 181
A7: Samarina Dudenbros2 | B7: 6 | C7: 0 | D7: 7 | E7: 0.46153846 | F7: 193 | G7: 0.451 | H7: 58 | I7: 0.343 | J7: 0.898 | K7: 558 | L7: 32 | M7: 156 | N7: 155 | O7: 35 | P7: 15 | Q7: 59 | R7: 2.63 | S7: 181
A8: Semifinals
A9: The Guns | B9: 6 | C9: 0 | D9: 7 | E9: 0.46153846 | F9: 209 | G9: 0.499 | H9: 66 | I9: 0.384 | J9: 0.815 | K9: 590 | L9: 30 | M9: 134 | N9: 112 | O9: 39 | P9: 23 | Q9: 61 | R9: 1.84 | S9: 179
A10: Samarina Dudenbros2 | B10: 7 | C10: 0 | D10: 6 | E10: 0.53846154 | F10: 186 | G10: 0.52 | H10: 55 | I10: 0.426 | J10: 0.766 | K10: 509 | L10: 37 | M10: 147 | N10: 122 | O10: 30 | P10: 13 | Q10: 51 | R10: 2.39 | S10: 179
A11: LRBP PR3DATORS | B11: 6 | C11: 0 | D11: 7 | E11: 0.46153846 | F11: 239 | G11: 0.46 | H11: 61 | I11: 0.326 | J11: 0.78 | K11: 699 | L11: 38 | M11: 145 | N11: 167 | O11: 42 | P11: 17 | Q11: 87 | R11: 1.92 | S11: 180
A12: Pachiana NinjaBees | B12: 7 | C12: 0 | D12: 6 | E12: 0.53846154 | F12: 196 | G12: 0.5 | H12: 71 | I12: 0.408 | J12: 0.839 | K12: 541 | L12: 31 | M12: 129 | N12: 116 | O12: 41 | P12: 22 | Q12: 49 | R12: 2.37 | S12: 180
A13: Quarterfinals
A14: The Guns | B14: 8 | C14: 1 | D14: 4 | E14: 0.65384615 | F14: 156 | G14: 0.52 | H14: 47 | I14: 0.42 | J14: 0.884 | K14: 420 | L14: 24 | M14: 101 | N14: 102 | O14: 25 | P14: 29 | Q14: 43 | R14: 2.37 | S14: 175
A15: Karafli SaiTa | B15: 4 | C15: 1 | D15: 8 | E15: 0.34615385 | F15: 132 | G15: 0.477 | H15: 29 | I15: 0.312 | J15: 0.914 | K15: 378 | L15: 19 | M15: 94 | N15: 119 | O15: 29 | P15: 13 | Q15: 43 | R15: 2.77 | S15: 175
A16: Fighting Thaddeus | B16: 5 | C16: 0 | D16: 8 | E16: 0.38461538 | F16: 143 | G16: 0.526 | H16: 48 | I16: 0.39 | J16: 0.853 | K16: 398 | L16: 17 | M16: 81 | N16: 93 | O16: 25 | P16: 11 | Q16: 33 | R16: 2.82 | S16: 176
A17: Samarina Dudenbros2 | B17: 8 | C17: 0 | D17: 5 | E17: 0.61538462 | F17: 247 | G17: 0.501 | H17: 59 | I17: 0.341 | J17: 0.835 | K17: 725 | L17: 40 | M17: 127 | N17: 151 | O17: 45 | P17: 21 | Q17: 79 | R17: 1.91 | S17: 176
A18: Kourayo Vallecano | B18: 3 | C18: 0 | D18: 10 | E18: 0.23076923 | F18: 128 | G18: 0.457 | H18: 38 | I18: 0.369 | J18: 0.873 | K18: 349 | L18: 51 | M18: 102 | N18: 74 | O18: 18 | P18: 9 | Q18: 42 | R18: 1.76 | S18: 177
A19: Pachiana NinjaBees | B19: 10 | C19: 0 | D19: 3 | E19: 0.76923077 | F19: 157 | G19: 0.516 | H19: 44 | I19: 0.393 | J19: 0.859 | K19: 413 | L19: 42 | M19: 114 | N19: 115 | O19: 30 | P19: 20 | Q19: 53 | R19: 2.17 | S19: 177
A20: LRBP PR3DATORS | B20: 8 | C20: 0 | D20: 5 | E20: 0.61538462 | F20: 207 | G20: 0.484 | H20: 71 | I20: 0.397 | J20: 0.788 | K20: 600 | L20: 38 | M20: 149 | N20: 160 | O20: 39 | P20: 24 | Q20: 76 | R20: 2.11 | S20: 178
A21: The Bridgeburners | B21: 5 | C21: 0 | D21: 8 | E21: 0.38461538 | F21: 203 | G21: 0.518 | H21: 49 | I21: 0.34 | J21: 0.686 | K21: 525 | L21: 58 | M21: 154 | N21: 103 | O21: 28 | P21: 28 | Q21: 58 | R21: 1.78 | S21: 178
A22: 1st Round
A23: The Guns | B23: 8 | C23: 0 | D23: 5 | E23: 0.61538462 | F23: 193 | G23: 0.52 | H23: 77 | I23: 0.45 | J23: 0.897 | K23: 541 | L23: 31 | M23: 129 | N23: 110 | O23: 32 | P23: 10 | Q23: 54 | R23: 2.04 | S23: 171
A24: purple fuzzy apache pirates | B24: 5 | C24: 0 | D24: 8 | E24: 0.38461538 | F24: 186 | G24: 0.453 | H24: 46 | I24: 0.287 | J24: 0.819 | K24: 513 | L24: 53 | M24: 179 | N24: 148 | O24: 21 | P24: 16 | Q24: 65 | R24: 2.28 | S24: 171
A25: Xanthi Ducks 🦆 | B25: 2 | C25: 0 | D25: 11 | E25: 0.15384615 | F25: 99 | G25: 0.409 | H25: 30 | I25: 0.263 | J25: 0.78 | K25: 267 | L25: 21 | M25: 81 | N25: 71 | O25: 27 | P25: 12 | Q25: 39 | R25: 1.82 | S25: 172
A26: Fighting Thaddeus | B26: 11 | C26: 0 | D26: 2 | E26: 0.84615385 | F26: 142 | G26: 0.436 | H26: 39 | I26: 0.328 | J26: 0.904 | K26: 426 | L26: 31 | M26: 100 | N26: 106 | O26: 21 | P26: 18 | Q26: 49 | R26: 2.16 | S26: 172
A27: The Bad Boys | B27: 5 | C27: 0 | D27: 8 | E27: 0.38461538 | F27: 205 | G27: 0.51 | H27: 51 | I27: 0.392 | J27: 0.708 | K27: 546 | L27: 36 | M27: 117 | N27: 128 | O27: 37 | P27: 17 | Q27: 59 | R27: 2.17 | S27: 173
A28: Pachiana NinjaBees | B28: 8 | C28: 0 | D28: 5 | E28: 0.61538462 | F28: 180 | G28: 0.506 | H28: 64 | I28: 0.381 | J28: 0.857 | K28: 502 | L28: 46 | M28: 146 | N28: 110 | O28: 39 | P28: 37 | Q28: 46 | R28: 2.39 | S28: 173
A29: Guruuu 🐐🐐🐐 | B29: 5 | C29: 0 | D29: 8 | E29: 0.38461538 | F29: 138 | G29: 0.452 | H29: 50 | I29: 0.36 | J29: 0.735 | K29: 412 | L29: 28 | M29: 106 | N29: 99 | O29: 40 | P29: 13 | Q29: 38 | R29: 2.61 | S29: 174
A30: LRBP PR3DATORS | B30: 8 | C30: 0 | D30: 5 | E30: 0.61538462 | F30: 221 | G30: 0.496 | H30: 47 | I30: 0.287 | J30: 0.752 | K30: 574 | L30: 41 | M30: 127 | N30: 119 | O30: 30 | P30: 23 | Q30: 78 | R30: 1.53 | S30: 174

Sheet Regular
A4: Row Labels | B4: Wins | C4: Ties | D4: Losses | E4: Win% | F4: FGM | G4: FG% | H4: 3PM | I4: 3P% | J4: FT% | K4: PTS | L4: OREB | M4: DREB | N4: AST | O4: STL | P4: BLK | Q4: TO | R4: A/TO | S4: Sum of Match No
A5: Karafli SaiTa | B5: 160 | C5: 4 | D5: 70 | E5: 0.69230769 | F5: 4166 | G5: 0.482 | H5: 1048 | I5: 0.35288889 | J5: 0.806 | K5: 11555 | L5: 636 | M5: 2716 | N5: 2768 | O5: 636 | P5: 517 | Q5: 1275 | R5: 2.2111111 | S5: 1532
A6: Kourayo Vallecano | B6: 151 | C6: 2 | D6: 81 | E6: 0.64957265 | F6: 3226 | G6: 0.47716667 | H6: 939 | I6: 0.35711111 | J6: 0.78955556 | K6: 8872 | L6: 919 | M6: 2595 | N6: 2186 | O6: 592 | P6: 297 | Q6: 973 | R6: 2.2911111 | S6: 1549
A7: The Bridgeburners | B7: 149 | C7: 5 | D7: 80 | E7: 0.6474359 | F7: 3196 | G7: 0.48605556 | H7: 889 | I7: 0.36727778 | J7: 0.77838889 | K7: 8752 | L7: 887 | M7: 2521 | N7: 2042 | O7: 590 | P7: 394 | Q7: 1032 | R7: 1.9677778 | S7: 1554
A8: Samarina Dudenbros2 | B8: 141 | C8: 1 | D8: 92 | E8: 0.60470085 | F8: 3788 | G8: 0.46194444 | H8: 1094 | I8: 0.34505556 | J8: 0.83033333 | K8: 10879 | L8: 759 | M8: 2480 | N8: 2585 | O8: 804 | P8: 304 | Q8: 1268 | R8: 2.07 | S8: 1541
A9: Fighting Thaddeus | B9: 135 | C9: 2 | D9: 97 | E9: 0.58119658 | F9: 3158 | G9: 0.46988889 | H9: 1086 | I9: 0.381 | J9: 0.83427778 | K9: 8792 | L9: 660 | M9: 2215 | N9: 2078 | O9: 469 | P9: 355 | Q9: 958 | R9: 2.1988889 | S9: 1527
A10: LRBP PR3DATORS | B10: 133 | C10: 2 | D10: 99 | E10: 0.57264957 | F10: 3643 | G10: 0.47755556 | H10: 857 | I10: 0.34155556 | J10: 0.76716667 | K10: 10336 | L10: 726 | M10: 2732 | N10: 2363 | O10: 566 | P10: 447 | Q10: 1308 | R10: 1.8116667 | S10: 1468
A11: The Bad Boys | B11: 131 | C11: 6 | D11: 97 | E11: 0.57264957 | F11: 3476 | G11: 0.48033333 | H11: 836 | I11: 0.35716667 | J11: 0.75322222 | K11: 9514 | L11: 857 | M11: 2357 | N11: 2018 | O11: 676 | P11: 393 | Q11: 1119 | R11: 1.8266667 | S11: 1548
A12: purple fuzzy apache pirates | B12: 128 | C12: 5 | D12: 101 | E12: 0.55769231 | F12: 3459 | G12: 0.50238889 | H12: 956 | I12: 0.37077778 | J12: 0.7835 | K12: 9624 | L12: 843 | M12: 2781 | N12: 2515 | O12: 522 | P12: 212 | Q12: 1239 | R12: 2.0483333 | S12: 1553
A13: The Guns | B13: 125 | C13: 2 | D13: 107 | E13: 0.53846154 | F13: 3156 | G13: 0.4675 | H13: 1111 | I13: 0.3675 | J13: 0.85111111 | K13: 8911 | L13: 479 | M13: 2101 | N13: 1861 | O13: 600 | P13: 302 | Q13: 963 | R13: 2.0172222 | S13: 1550
A14: Pachiana NinjaBees | B14: 120 | C14: 3 | D14: 111 | E14: 0.51923077 | F14: 2957 | G14: 0.47205556 | H14: 920 | I14: 0.37616667 | J14: 0.80255556 | K14: 8030 | L14: 800 | M14: 2294 | N14: 2059 | O14: 584 | P14: 451 | Q14: 1072 | R14: 1.9661111 | S14: 1534
A15: Guruuu 🐐🐐🐐 | B15: 119 | C15: 2 | D15: 113 | E15: 0.51282051 | F15: 3452 | G15: 0.46122222 | H15: 1136 | I15: 0.35877778 | J15: 0.77994444 | K15: 9805 | L15: 728 | M15: 2197 | N15: 2062 | O15: 592 | P15: 258 | Q15: 1076 | R15: 1.9472222 | S15: 1547
A16: Xanthi Ducks 🦆 | B16: 116 | C16: 3 | D16: 115 | E16: 0.50213675 | F16: 2440 | G16: 0.47727778 | H16: 909 | I16: 0.37833333 | J16: 0.80266667 | K16: 6668 | L16: 619 | M16: 1886 | N16: 1558 | O16: 545 | P16: 298 | Q16: 685 | R16: 2.3705556 | S16: 1547
... A24: Heraklion Snakes | B24: 56 | C24: 2 | D24: 176 | E24: 0.24358974 | F24: 1789 | G24: 0.45133333 | H24: 569 | I24: 0.35161111 | J24: 0.78744444 | K24: 4976 | L24: 490 | M24: 1470 | N24: 1034 | O24: 341 | P24: 179 | Q24: 657 | R24: 1.6505556 | S24: 1550

Sheet Total
A4: Row Labels | B4: Last Year | C4: Games | D4: Games Won | E4: % of Games Won | F4: Wins | G4: Ties | H4: Losses | I4: Win% | J4: FGM | K4: FG% | L4: 3PM | M4: 3P% | N4: FT% | O4: PTS | P4: OREB | Q4: DREB | R4: AST | S4: STL | T4: BLK | U4: TO | V4: A/TO
A5: Karafli SaiTa | B5: 2026 | C5: 179 | D5: 133 | E5: 0.74301676 | F5: 1433 | G5: 47 | H5: 847 | I5: 0.62591319 | J5: 34460 | K5: 0.4756632 | L5: 9077 | M5: 0.36103443 | N5: 0.7971228 | O5: 93486 | P5: 7181 | Q5: 24585 | R5: 20677 | S5: 5622 | T5: 4138 | U5: 10722 | V5: 1.9546507
A6: The Bridgeburners | B6: 2026 | C6: 184 | D6: 122 | E6: 0.66304348 | F6: 1400 | G6: 42 | H6: 950 | I6: 0.59406355 | J6: 30399 | K6: 0.47413494 | L6: 9082 | M6: 0.36852395 | N6: 0.78747992 | O6: 83937 | P6: 7515 | Q6: 25208 | R6: 20863 | S6: 5869 | T6: 3955 | U6: 10628 | V6: 1.9965124
A7: Samarina Dudenbros | B7: 2026 | C7: 179 | D7: 110 | E7: 0.61452514 | F7: 1268 | G7: 33 | H7: 1026 | I7: 0.55199828 | J7: 31570 | K7: 0.47060472 | L7: 9075 | M7: 0.36657649 | N7: 0.8106191 | O7: 87544 | P7: 6515 | Q7: 22479 | R7: 18701 | S7: 5334 | T7: 3020 | U7: 9810 | V7: 1.9047017
A8: Pachiana NinjaBees | B8: 2026 | C8: 179 | D8: 93 | E8: 0.51955307 | F8: 1231 | G8: 41 | H8: 1055 | I8: 0.53781693 | J8: 29050 | K8: 0.46863748 | L8: 8182 | M8: 0.35766654 | N8: 0.79945333 | O8: 78904 | P8: 7001 | Q8: 23173 | R8: 17617 | S8: 5295 | T8: 3845 | U8: 9453 | V8: 1.9043177
A9: purple fuzzy apache pirates | B9: 2026 | C9: 173 | D9: 100 | E9: 0.57803468 | F9: 1198 | G9: 38 | H9: 1013 | I9: 0.54112939 | J9: 32314 | K9: 0.47944869 | L9: 8571 | M9: 0.36337792 | N9: 0.7734201 | O9: 87350 | P9: 7255 | Q9: 26053 | R9: 19694 | S9: 4956 | T9: 3101 | U9: 10783 | V9: 1.8278469
A10: Xanthi Ducks 🦆 | B10: 2026 | C10: 174 | D10: 94 | E10: 0.54022989 | F10: 1185 | G10: 40 | H10: 1037 | I10: 0.53271441 | J10: 27303 | K10: 0.47105714 | L10: 8245 | M10: 0.36692506 | N10: 0.79339639 | O10: 73912 | P10: 6467 | Q10: 22120 | R10: 16829 | S10: 5154 | T10: 3345 | U10: 8110 | V10: 2.1175179
A11: Steven Adams' Moustache | B11: 2026 | C11: 175 | D11: 91 | E11: 0.52 | F11: 1170 | G11: 21 | H11: 1084 | I11: 0.5189011 | J11: 30148 | K11: 0.46728546 | L11: 8535 | M11: 0.36592617 | N11: 0.77118503 | O11: 81556 | P11: 7140 | Q11: 24148 | R11: 18840 | S11: 5058 | T11: 3299 | U11: 9967 | V11: 1.9201761
A12: The Guns | B12: 2026 | C12: 174 | D12: 95 | E12: 0.54597701 | F12: 1154 | G12: 31 | H12: 1077 | I12: 0.51702034 | J12: 29552 | K12: 0.47676606 | L12: 8063 | M12: 0.35686696 | N12: 0.79187621 | O12: 80897 | P12: 6250 | Q12: 22216 | R12: 17901 | S12: 5319 | T12: 3476 | U12: 9678 | V12: 1.8805968
A13: Kourayo Vallecano | B13: 2026 | C13: 172 | D13: 85 | E13: 0.49418605 | F13: 1115 | G13: 31 | H13: 1090 | I13: 0.50559034 | J13: 26241 | K13: 0.46793008 | L13: 7853 | M13: 0.35708894 | N13: 0.77269233 | O13: 71662 | P13: 6331 | Q13: 23520 | R13: 18053 | S13: 4680 | T13: 2941 | U13: 9140 | V13: 2.0015045
A14: Fighting Thaddeus | B14: 2026 | C14: 171 | D14: 79 | E14: 0.4619883 | F14: 1088 | G14: 31 | H14: 1104 | I14: 0.49640126 | J14: 26088 | K14: 0.4675905 | L14: 8034 | M14: 0.36491322 | N14: 0.80086979 | O14: 72134 | P14: 6452 | Q14: 20559 | R14: 15893 | S14: 4597 | T14: 2880 | U14: 8397 | V14: 1.9491368
A15: st.Helens Eruptions | B15: 2026 | C15: 169 | D15: 79 | E15: 0.46745562 | F15: 1034 | G15: 34 | H15: 1129 | I15: 0.47837961 | J15: 27165 | K15: 0.47855345 | L15: 6924 | M15: 0.36170557 | N15: 0.77465662 | O15: 73221 | P15: 6322 | Q15: 19380 | R15: 16367 | S15: 4634 | T15: 2764 | U15: 9182 | V15: 1.8176237
A16: Salonika Devils | B16: 2026 | C16: 171 | D16: 80 | E16: 0.46783626 | F16: 1029 | G16: 41 | H16: 1153 | I16: 0.47210976 | J16: 28267 | K16: 0.46849671 | L16: 7792 | M16: 0.35969373 | N16: 0.78508003 | O16: 76542 | P16: 5789 | Q16: 20043 | R16: 16281 | S16: 4421 | T16: 2520 | U16: 8723 | V16: 1.8970344
... A34: The Others | B34: 2020 | C34: 19 | D34: 4 | E34: 0.21052632 | F34: 86 | G34: 2 | H34: 159 | I34: 0.35222672 | J34: 2446 | K34: 0.43787278 | L34: 844 | M34: 0.35862362 | N34: 0.73284189 | O34: 6543 | P34: 554 | Q34: 1847 | R34: 1360 | S34: 426 | T34: 326 | U34: 788 | V34: 1.7868025
A35: (blank) | E35: #DIV/0! | I35: #DIV/0!

Sheet VsHistory
A4: Row Labels | B4: Match Count | C4: Games Won | D4: % of Games Won | E4: Wins | F4: Ties | G4: Losses | H4: Win%
A5: purple fuzzy apache pirates | B5: 173 | C5: 100 | D5: 0.57803468 | E5: 1198 | F5: 38 | G5: 1013 | H5: 0.54112939
A6: vs The Guns | B6: 11 | C6: 7 | D6: 0.63636364 | E6: 81 | F6: 2 | G6: 60 | H6: 0.57342657
A7: vs Salonika Devils | B7: 11 | C7: 7 | D7: 0.63636364 | E7: 80 | F7: 3 | G7: 60 | H7: 0.56993007
A8: vs Fighting Thaddeus | B8: 10 | C8: 7 | D8: 0.7 | E8: 82 | F8: 0 | G8: 48 | H8: 0.63076923
A9: vs Steven Adams' Moustache | B9: 10 | C9: 6 | D9: 0.6 | E9: 70 | F9: 1 | G9: 59 | H9: 0.54230769
A10: vs st.Helens Eruptions | B10: 10 | C10: 2 | D10: 0.2 | E10: 51 | F10: 4 | G10: 75 | H10: 0.40769231
A11: vs Guruuu 🐐🐐🐐 | B11: 9 | C11: 4 | D11: 0.44444444 | E11: 61 | F11: 2 | G11: 54 | H11: 0.52991453
A12: vs Karafli SaiTa | B12: 9 | C12: 4 | D12: 0.44444444 | E12: 51 | F12: 2 | G12: 64 | H12: 0.44444444
A13: vs Pachiana NinjaBees | B13: 9 | C13: 5 | D13: 0.55555556 | E13: 57 | F13: 1 | G13: 59 | H13: 0.49145299
A14: vs The Bridgeburners | B14: 9 | C14: 7 | D14: 0.77777778 | E14: 74 | F14: 2 | G14: 41 | H14: 0.64102564
A15: vs Tsarlatans | B15: 8 | C15: 3 | D15: 0.375 | E15: 44 | F15: 3 | G15: 57 | H15: 0.4375
A16: vs Xanthi Ducks 🦆 | B16: 8 | C16: 4 | D16: 0.5 | E16: 49 | F16: 1 | G16: 54 | H16: 0.47596154
... A34: vs The Others | B34: 1 | C34: 1 | D34: 1 | E34: 9 | F34: 0 | G34: 4 | H34: 0.69230769

Sheet VsHistoryMatrix
B4: Column Labels
B5: Fighting Thaddeus | D5: Guruuu 🐐🐐🐐 | F5: Heraklion Snakes | H5: Hércules Pals | J5: Karafli SaiTa | L5: Knights of Ni | N5: Kourayo Vallecano | P5: LRBP PR3DATORS | R5: Pachiana NinjaBees | T5: Paralouistas | V5: purple fuzzy apache pirates | X5: Salonika Devils | Z5: Samarina Dudenbros | AB5: st.Helens Eruptions | AD5: Steven Adams' Moustache | AF5: The Bad Boys | AH5: The Bridgeburners | AJ5: The Guns | AL5: Tsarlatans | AN5: Xanthi Ducks 🦆
A6: Row Labels | B6: Match Count | C6: W % | D6: Match Count | E6: W % | F6: Match Count | G6: W % | H6: Match Count | I6: W % | J6: Match Count | K6: W % | L6: Match Count | M6: W % | N6: Match Count | O6: W % | P6: Match Count | Q6: W % | R6: Match Count | S6: W % | T6: Match Count | U6: W % | V6: Match Count | W6: W % | X6: Match Count | Y6: W % | Z6: Match Count | AA6: W % | AB6: Match Count | AC6: W % | AD6: Match Count | AE6: W % | AF6: Match Count | AG6: W % | AH6: Match Count | AI6: W % | AJ6: Match Count | AK6: W % | AL6: Match Count | AM6: W % | AN6: Match Count | AO6: W %
A7: vs The Others | B7: 1 | C7: 1 | D7: 1 | E7: 0 | J7: 1 | K7: 1 | N7: 1 | O7: 1 | R7: 1 | S7: 1 | V7: 1 | W7: 1 | X7: 1 | Y7: 0 | Z7: 1 | AA7: 1 | AB7: 1 | AC7: 1 | AD7: 1 | AE7: 1 | AH7: 1 | AI7: 1 | AJ7: 1 | AK7: 0 | AL7: 1 | AM7: 1 | AN7: 1 | AO7: 1
A8: vs Baltimore Hercules | B8: 4 | C8: 0.75 | D8: 5 | E8: 0.8 | F8: 2 | G8: 1 | J8: 4 | K8: 0.5 | L8: 5 | M8: 0.4 | N8: 6 | O8: 0.5 | P8: 3 | Q8: 1 | R8: 6 | S8: 0.33333333 | T8: 2 | U8: 0.5 | V8: 3 | W8: 0.66666667 | X8: 4 | Y8: 0.75 | Z8: 6 | AA8: 0.66666667 | AB8: 4 | AC8: 0.5 | AD8: 6 | AE8: 0.66666667 | AF8: 5 | AG8: 0.6 | AH8: 5 | AI8: 1 | AJ8: 7 | AK8: 0.85714286 | AL8: 3 | AM8: 0.66666667 | AN8: 6 | AO8: 0.66666667
A9: vs Donkey Rolls | B9: 6 | C9: 0.33333333 | D9: 5 | E9: 0.8 | J9: 6 | K9: 1 | L9: 2 | M9: 0.5 | N9: 5 | O9: 0.4 | P9: 2 | Q9: 1 | R9: 5 | S9: 0.8 | V9: 7 | W9: 0.57142857 | X9: 7 | Y9: 0.57142857 | Z9: 4 | AA9: 1 | AB9: 7 | AC9: 0.57142857 | AD9: 5 | AE9: 0.8 | AF9: 1 | AG9: 0 | AH9: 8 | AI9: 0.75 | AJ9: 5 | AK9: 0.6 | AL9: 5 | AM9: 0.8 | AN9: 4 | AO9: 0.5
A10: vs Drogalo Mountain Goats | B10: 3 | C10: 0.33333333 | D10: 1 | E10: 0 | J10: 4 | K10: 0.75 | N10: 3 | O10: 0.33333333 | R10: 3 | S10: 0.66666667 | V10: 3 | W10: 0 | X10: 3 | Y10: 0.66666667 | Z10: 3 | AA10: 0.66666667 | AB10: 4 | AC10: 0.25 | AD10: 3 | AE10: 0.33333333 | AH10: 4 | AI10: 0.5 | AJ10: 3 | AK10: 0.33333333 | AL10: 1 | AM10: 0 | AN10: 3 | AO10: 0
A11: vs Fighting Thaddeus | D11: 8 | E11: 0.375 | F11: 3 | G11: 0.33333333 | H11: 1 | I11: 0 | J11: 12 | K11: 0.75 | L11: 4 | M11: 0.25 | N11: 8 | O11: 0.375 | P11: 5 | Q11: 0.6 | R11: 9 | S11: 0.44444444 | T11: 3 | U11: 0.33333333 | V11: 10 | W11: 0.7 | X11: 10 | Y11: 0.4 | Z11: 9 | AA11: 0.66666667 | AB11: 10 | AC11: 0.7 | AD11: 7 | AE11: 0.28571429 | AF11: 4 | AG11: 0 | AH11: 10 | AI11: 0.5 | AJ11: 8 | AK11: 0.625 | AL11: 7 | AM11: 0.71428571 | AN11: 9 | AO11: 0.44444444
A12: vs Guruuu 🐐🐐🐐 | B12: 8 | C12: 0.625 | F12: 3 | G12: 0 | H12: 1 | I12: 0 | J12: 9 | K12: 0.66666667 | L12: 5 | M12: 0.2 | N12: 6 | O12: 0.5 | P12: 4 | Q12: 1 | R12: 5 | S12: 0.6 | T12: 3 | U12: 0.33333333 | V12: 9 | W12: 0.44444444 | X12: 7 | Y12: 0.28571429 | Z12: 6 | AA12: 0.66666667 | AB12: 7 | AC12: 0.85714286 | AD12: 6 | AE12: 0.5 | AF12: 4 | AG12: 0.25 | AH12: 9 | AI12: 0.77777778 | AJ12: 6 | AK12: 0.83333333 | AL12: 9 | AM12: 0.66666667 | AN12: 7 | AO12: 0.57142857
A13: vs Heraklion Snakes | B13: 3 | C13: 0.66666667 | D13: 3 | E13: 1 | H13: 1 | I13: 1 | J13: 3 | K13: 1 | L13: 2 | M13: 1 | N13: 3 | O13: 1 | P13: 3 | Q13: 1 | R13: 3 | S13: 0.66666667 | T13: 3 | U13: 0.33333333 | V13: 3 | W13: 1 | X13: 3 | Y13: 0.66666667 | Z13: 3 | AA13: 1 | AB13: 3 | AC13: 0.66666667 | AD13: 3 | AE13: 1 | AF13: 3 | AG13: 0.33333333 | AH13: 3 | AI13: 1 | AJ13: 3 | AK13: 1 | AL13: 3 | AM13: 0.33333333 | AN13: 3 | AO13: 1
A14: vs Hércules Pals | B14: 1 | C14: 1 | D14: 1 | E14: 1 | F14: 1 | G14: 0 | J14: 1 | K14: 1 | L14: 1 | M14: 1 | N14: 1 | O14: 1 | P14: 1 | Q14: 1 | R14: 1 | S14: 0 | V14: 1 | W14: 1 | X14: 1 | Y14: 0 | Z14: 1 | AA14: 1 | AB14: 1 | AC14: 0 | AD14: 1 | AE14: 0 | AF14: 1 | AG14: 1 | AH14: 1 | AI14: 0 | AJ14: 1 | AK14: 1 | AL14: 1 | AM14: 1 | AN14: 1 | AO14: 0
A15: vs Karafli SaiTa | B15: 12 | C15: 0.16666667 | D15: 9 | E15: 0.33333333 | F15: 3 | G15: 0 | H15: 1 | I15: 0 | L15: 4 | M15: 0 | N15: 10 | O15: 0.6 | P15: 4 | Q15: 0 | R15: 8 | S15: 0.125 | T15: 3 | U15: 0 | V15: 9 | W15: 0.44444444 | X15: 10 | Y15: 0.2 | Z15: 11 | AA15: 0.45454545 | AB15: 11 | AC15: 0.090909091 | AD15: 8 | AE15: 0.375 | AF15: 4 | AG15: 0 | AH15: 11 | AI15: 0.18181818 | AJ15: 9 | AK15: 0.22222222 | AL15: 7 | AM15: 0 | AN15: 9 | AO15: 0.22222222
A16: vs Knights of Ni | B16: 4 | C16: 0.75 | D16: 5 | E16: 0.8 | F16: 2 | G16: 0 | H16: 1 | I16: 0 | J16: 4 | K16: 1 | N16: 7 | O16: 0.85714286 | P16: 4 | Q16: 1 | R16: 7 | S16: 0.71428571 | T16: 3 | U16: 1 | V16: 5 | W16: 1 | X16: 6 | Y16: 0.83333333 | Z16: 6 | AA16: 1 | AB16: 5 | AC16: 0.4 | AD16: 7 | AE16: 0.71428571 | AF16: 6 | AG16: 0.16666667 | AH16: 5 | AI16: 0.6 | AJ16: 7 | AK16: 0.71428571 | AL16: 5 | AM16: 0.6 | AN16: 6 | AO16: 0.33333333
A17: vs Kourayo Vallecano | B17: 8 | C17: 0.625 | D17: 6 | E17: 0.5 | F17: 3 | G17: 0 | H17: 1 | I17: 0 | J17: 10 | K17: 0.4 | L17: 7 | M17: 0.14285714 | P17: 5 | Q17: 1 | R17: 11 | S17: 0.72727273 | T17: 3 | U17: 0.33333333 | V17: 7 | W17: 0.71428571 | X17: 7 | Y17: 0.71428571 | Z17: 10 | AA17: 0.6 | AB17: 7 | AC17: 0.14285714 | AD17: 12 | AE17: 0.66666667 | AF17: 5 | AG17: 0 | AH17: 8 | AI17: 0.875 | AJ17: 10 | AK17: 0.6 | AL17: 7 | AM17: 0.28571429 | AN17: 10 | AO17: 0.4
A18: vs LRBP PR3DATORS | B18: 5 | C18: 0.4 | D18: 4 | E18: 0 | F18: 3 | G18: 0 | H18: 1 | I18: 0 | J18: 4 | K18: 1 | L18: 4 | M18: 0 | N18: 5 | O18: 0 | R18: 5 | S18: 0.6 | T18: 3 | U18: 0 | V18: 4 | W18: 0.25 | X18: 4 | Y18: 0 | Z18: 5 | AA18: 0.8 | AB18: 4 | AC18: 0 | AD18: 4 | AE18: 0.25 | AF18: 4 | AG18: 0 | AH18: 5 | AI18: 0.6 | AJ18: 5 | AK18: 0.4 | AL18: 4 | AM18: 0.25 | AN18: 4 | AO18: 0.75
A19: vs Pachiana NinjaBees | B19: 9 | C19: 0.44444444 | D19: 5 | E19: 0.4 | F19: 3 | G19: 0.33333333 | H19: 1 | I19: 1 | J19: 8 | K19: 0.875 | L19: 7 | M19: 0.14285714 | N19: 11 | O19: 0.27272727 | P19: 5 | Q19: 0.4 | T19: 3 | U19: 0.33333333 | V19: 9 | W19: 0.55555556 | X19: 9 | Y19: 0.22222222 | Z19: 11 | AA19: 0.63636364 | AB19: 9 | AC19: 0.33333333 | AD19: 10 | AE19: 0.6 | AF19: 7 | AG19: 0.28571429 | AH19: 10 | AI19: 0.6 | AJ19: 10 | AK19: 0.4 | AL19: 6 | AM19: 0.66666667 | AN19: 10 | AO19: 0.6
A20: vs Paralouistas | B20: 3 | C20: 0.66666667 | D20: 3 | E20: 0.66666667 | F20: 3 | G20: 0.33333333 | J20: 3 | K20: 1 | L20: 3 | M20: 0 | N20: 3 | O20: 0.66666667 | P20: 3 | Q20: 1 | R20: 3 | S20: 0.66666667 | V20: 3 | W20: 1 | X20: 3 | Y20: 0.33333333 | Z20: 3 | AA20: 1 | AB20: 3 | AC20: 0.66666667 | AD20: 3 | AE20: 0.66666667 | AF20: 3 | AG20: 0 | AH20: 3 | AI20: 0.33333333 | AJ20: 3 | AK20: 0.66666667 | AL20: 3 | AM20: 0.66666667 | AN20: 3 | AO20: 1
A21: vs purple fuzzy apache pirates | B21: 10 | C21: 0.3 | D21: 9 | E21: 0.44444444 | F21: 3 | G21: 0 | H21: 1 | I21: 0 | J21: 9 | K21: 0.44444444 | L21: 5 | M21: 0 | N21: 7 | O21: 0.28571429 | P21: 4 | Q21: 0.75 | R21: 9 | S21: 0.44444444 | T21: 3 | U21: 0 | X21: 11 | Y21: 0.36363636 | Z21: 7 | AA21: 0.57142857 | AB21: 10 | AC21: 0.8 | AD21: 10 | AE21: 0.4 | AF21: 4 | AG21: 0 | AH21: 9 | AI21: 0.22222222 | AJ21: 11 | AK21: 0.36363636 | AL21: 8 | AM21: 0.625 | AN21: 8 | AO21: 0.5
A22: vs Retsiniakos 21 | B22: 3 | C22: 1 | D22: 1 | E22: 1 | J22: 3 | K22: 0.66666667 | N22: 3 | O22: 0.33333333 | R22: 3 | S22: 1 | V22: 3 | W22: 0.66666667 | X22: 3 | Y22: 0.33333333 | Z22: 3 | AA22: 0.33333333 | AB22: 3 | AC22: 0.66666667 | AD22: 3 | AE22: 0.33333333 | AH22: 3 | AI22: 1 | AJ22: 3 | AK22: 0.66666667 | AL22: 1 | AM22: 1 | AN22: 3 | AO22: 0.33333333
A23: vs Salonika Devils | B23: 10 | C23: 0.5 | D23: 7 | E23: 0.71428571 | F23: 3 | G23: 0.33333333 | H23: 1 | I23: 1 | J23: 10 | K23: 0.7 | L23: 6 | M23: 0.16666667 | N23: 7 | O23: 0.28571429 | P23: 4 | Q23: 1 | R23: 9 | S23: 0.77777778 | T23: 3 | U23: 0.33333333 | V23: 11 | W23: 0.63636364 | Z23: 9 | AA23: 0.33333333 | AB23: 10 | AC23: 0.4 | AD23: 8 | AE23: 0.625 | AF23: 4 | AG23: 0.25 | AH23: 12 | AI23: 0.83333333 | AJ23: 6 | AK23: 0.5 | AL23: 8 | AM23: 0.625 | AN23: 8 | AO23: 0.5
A24: vs Samarina Dudenbros | B24: 9 | C24: 0.33333333 | D24: 6 | E24: 0.16666667 | F24: 3 | G24: 0 | H24: 1 | I24: 0 | J24: 11 | K24: 0.45454545 | L24: 6 | M24: 0 | N24: 10 | O24: 0.4 | P24: 5 | Q24: 0.2 | R24: 11 | S24: 0.27272727 | T24: 3 | U24: 0 | V24: 7 | W24: 0.42857143 | X24: 9 | Y24: 0.66666667 | AB24: 9 | AC24: 0.33333333 | AD24: 11 | AE24: 0.45454545 | AF24: 6 | AG24: 0.16666667 | AH24: 10 | AI24: 0.6 | AJ24: 12 | AK24: 0.33333333 | AL24: 5 | AM24: 0 | AN24: 11 | AO24: 0.72727273
A25: vs st.Helens Eruptions | B25: 10 | C25: 0.3 | D25: 7 | E25: 0.14285714 | F25: 3 | G25: 0.33333333 | H25: 1 | I25: 1 | J25: 11 | K25: 0.90909091 | L25: 5 | M25: 0.6 | N25: 7 | O25: 0.85714286 | P25: 4 | Q25: 1 | R25: 9 | S25: 0.55555556 | T25: 3 | U25: 0.33333333 | V25: 10 | W25: 0.2 | X25: 10 | Y25: 0.6 | Z25: 9 | AA25: 0.66666667 | AD25: 8 | AE25: 0.375 | AF25: 4 | AG25: 0.25 | AH25: 9 | AI25: 0.44444444 | AJ25: 7 | AK25: 0.85714286 | AL25: 8 | AM25: 0.875 | AN25: 8 | AO25: 0.5
A26: vs Steven Adams' Moustache | B26: 7 | C26: 0.71428571 | D26: 6 | E26: 0.5 | F26: 3 | G26: 0 | H26: 1 | I26: 1 | J26: 8 | K26: 0.625 | L26: 7 | M26: 0.28571429 | N26: 12 | O26: 0.33333333 | P26: 4 | Q26: 0.75 | R26: 10 | S26: 0.4 | T26: 3 | U26: 0.33333333 | V26: 10 | W26: 0.6 | X26: 8 | Y26: 0.375 | Z26: 11 | AA26: 0.54545455 | AB26: 8 | AC26: 0.625 | AF26: 6 | AG26: 0.5 | AH26: 9 | AI26: 0.55555556 | AJ26: 9 | AK26: 0.55555556 | AL26: 6 | AM26: 0.5 | AN26: 11 | AO26: 0.54545455
A27: vs The Bad Boys | B27: 4 | C27: 1 | D27: 4 | E27: 0.75 | F27: 3 | G27: 0.66666667 | H27: 1 | I27: 0 | J27: 4 | K27: 1 | L27: 6 | M27: 0.83333333 | N27: 5 | O27: 1 | P27: 4 | Q27: 1 | R27: 7 | S27: 0.71428571 | T27: 3 | U27: 0.66666667 | V27: 4 | W27: 1 | X27: 4 | Y27: 0.75 | Z27: 6 | AA27: 0.83333333 | AB27: 4 | AC27: 0.75 | AD27: 6 | AE27: 0.5 | AH27: 4 | AI27: 1 | AJ27: 6 | AK27: 0.83333333 | AL27: 4 | AM27: 0.5 | AN27: 6 | AO27: 0.66666667
A28: vs The Bridgeburners | B28: 10 | C28: 0.5 | D28: 9 | E28: 0.22222222 | F28: 3 | G28: 0 | H28: 1 | I28: 1 | J28: 11 | K28: 0.72727273 | L28: 5 | M28: 0.2 | N28: 8 | O28: 0.125 | P28: 5 | Q28: 0.4 | R28: 10 | S28: 0.2 | T28: 3 | U28: 0.66666667 | V28: 9 | W28: 0.77777778 | X28: 12 | Y28: 0.16666667 | Z28: 10 | AA28: 0.4 | AB28: 9 | AC28: 0.44444444 | AD28: 9 | AE28: 0.33333333 | AF28: 4 | AG28: 0 | AJ28: 8 | AK28: 0 | AL28: 10 | AM28: 0.3 | AN28: 10 | AO28: 0.3
A29: vs The Guns | B29: 8 | C29: 0.25 | D29: 6 | E29: 0.16666667 | F29: 3 | G29: 0 | H29: 1 | I29: 0 | J29: 9 | K29: 0.77777778 | L29: 7 | M29: 0.28571429 | N29: 10 | O29: 0.4 | P29: 5 | Q29: 0.6 | R29: 10 | S29: 0.6 | T29: 3 | U29: 0.33333333 | V29: 11 | W29: 0.63636364 | X29: 6 | Y29: 0.5 | Z29: 12 | AA29: 0.66666667 | AB29: 7 | AC29: 0.14285714 | AD29: 9 | AE29: 0.44444444 | AF29: 6 | AG29: 0.16666667 | AH29: 8 | AI29: 0.875 | AL29: 6 | AM29: 0.33333333 | AN29: 11 | AO29: 0.54545455
A30: vs The Others | B30: 3 | C30: 0.33333333 | J30: 3 | K30: 1 | L30: 1 | M30: 1 | N30: 2 | O30: 0.5 | R30: 3 | S30: 0.66666667 | V30: 3 | W30: 0.33333333 | X30: 3 | Y30: 0.66666667 | Z30: 3 | AA30: 1 | AB30: 3 | AC30: 0.66666667 | AD30: 3 | AE30: 0.33333333 | AH30: 2 | AI30: 1 | AJ30: 2 | AK30: 0.5 | AL30: 1 | AM30: 1 | AN30: 3 | AO30: 0.66666667
A31: vs The Rookies | B31: 7 | C31: 0.28571429 | D31: 5 | E31: 0.4 | J31: 7 | K31: 1 | L31: 2 | M31: 0.5 | N31: 5 | O31: 0.8 | P31: 1 | Q31: 1 | R31: 4 | S31: 1 | V31: 7 | W31: 0.85714286 | X31: 6 | Y31: 1 | Z31: 5 | AA31: 0.6 | AB31: 6 | AC31: 0.83333333 | AD31: 4 | AE31: 0.75 | AF31: 1 | AG31: 0 | AH31: 7 | AI31: 0.85714286 | AJ31: 5 | AK31: 0.6 | AL31: 5 | AM31: 0.8 | AN31: 5 | AO31: 0.8
A32: vs The walkinng dead | B32: 2 | C32: 0.5 | J32: 2 | K32: 1 | N32: 2 | O32: 0.5 | R32: 2 | S32: 0.5 | V32: 2 | W32: 0 | X32: 2 | Y32: 1 | Z32: 2 | AA32: 0 | AB32: 2 | AC32: 1 | AD32: 2 | AE32: 0.5 | AH32: 2 | AI32: 1 | AJ32: 2 | AK32: 0.5 | AN32: 2 | AO32: 0.5
A33: vs Tsarlatans | B33: 7 | C33: 0.28571429 | D33: 9 | E33: 0.33333333 | F33: 3 | G33: 0.33333333 | H33: 1 | I33: 0 | J33: 7 | K33: 0.85714286 | L33: 5 | M33: 0.4 | N33: 7 | O33: 0.71428571 | P33: 4 | Q33: 0.75 | R33: 6 | S33: 0.33333333 | T33: 3 | U33: 0.33333333 | V33: 8 | W33: 0.375 | X33: 8 | Y33: 0.375 | Z33: 5 | AA33: 1 | AB33: 8 | AC33: 0.125 | AD33: 6 | AE33: 0.5 | AF33: 4 | AG33: 0.5 | AH33: 10 | AI33: 0.7 | AJ33: 6 | AK33: 0.66666667 | AN33: 5 | AO33: 1
A34: vs Tsoko Marokana | B34: 2 | C34: 0 | J34: 2 | K34: 1 | N34: 2 | O34: 0.5 | R34: 2 | S34: 0.5 | V34: 2 | W34: 0.5 | X34: 2 | Y34: 1 | Z34: 2 | AA34: 0.5 | AB34: 2 | AC34: 0.5 | AD34: 2 | AE34: 1 | AH34: 2 | AI34: 1 | AJ34: 2 | AK34: 1 | AN34: 2 | AO34: 0.5
A35: vs Underdogs | B35: 3 | C35: 0.66666667 | D35: 2 | E35: 0.5 | J35: 4 | K35: 0.5 | L35: 3 | M35: 0 | N35: 6 | O35: 0.66666667 | R35: 7 | S35: 0.42857143 | V35: 4 | W35: 0.5 | X35: 4 | Y35: 0.25 | Z35: 5 | AA35: 0.4 | AB35: 4 | AC35: 0.5 | AD35: 7 | AE35: 0.71428571 | AF35: 2 | AG35: 0 | AH35: 4 | AI35: 1 | AJ35: 6 | AK35: 0.83333333 | AL35: 2 | AM35: 0 | AN35: 5 | AO35: 0.6
A36: vs Xanthi Ducks 🦆 | B36: 9 | C36: 0.55555556 | D36: 7 | E36: 0.42857143 | F36: 3 | G36: 0 | H36: 1 | I36: 1 | J36: 9 | K36: 0.66666667 | L36: 6 | M36: 0.5 | N36: 10 | O36: 0.6 | P36: 4 | Q36: 0.25 | R36: 10 | S36: 0.4 | T36: 3 | U36: 0 | V36: 8 | W36: 0.5 | X36: 8 | Y36: 0.5 | Z36: 11 | AA36: 0.27272727 | AB36: 8 | AC36: 0.5 | AD36: 11 | AE36: 0.45454545 | AF36: 6 | AG36: 0.33333333 | AH36: 10 | AI36: 0.7 | AJ36: 11 | AK36: 0.45454545 | AL36: 5 | AM36: 0

Sheet Records
A1: ALL YEARS
A3: Category | B3: Value | D3: Team | E3: Opponent | G3: Period | I3: All Time Rank | K3: Team | L3: # of records
A4: Wins | B4: =MAX(Data!$H:$H) -> 13 | C4: =COUNTIF(Data!$H:$H,Records!$B4) -> 6 | D4: =INDEX(Data!$E:$E,MATCH(Records!$B4,Data!$H:$H,0)) -> Pachiana NinjaBees | E4: =INDEX(Data!$K:$K,MATCH(Records!$B4,Data!$H:$H,0)) -> vs Underdogs | G4: =INDEX(Data!$C:$C,MATCH(Records!$B4,Data!$H:$H,0)) -> 9 | H4: =INDEX(Data!$A:$A,MATCH(Records!$B4,Data!$H:$H,0)) -> 2019 | K4: Karafli SaiTa | L4: =COUNTIF($D$4:$D$22,K4) -> 3
D5: Samarina Dudenbros | E5: vs Underdogs | G5: 14 | H5: 2019 | K5: Samarina Dudenbros | L5: =COUNTIF($D$4:$D$22,K5) -> 3
D6: The Bridgeburners | E6: vs Samarina Dudenbros | G6: 7 | H6: 2020 | K6: purple fuzzy apache pirates | L6: =COUNTIF($D$4:$D$22,K6) -> 2
D7: Karafli SaiTa | E7: vs Donkey Rolls | G7: 14 | H7: 2023 | K7: Steven Adams' Moustache | L7: =COUNTIF($D$4:$D$22,K7) -> 2
D8: Xanthi Ducks 🦆 | E8: vs st.Helens Eruptions | G8: 7 | H8: 2024 | K8: Pachiana NinjaBees | L8: =COUNTIF($D$4:$D$22,K8) -> 2
D9: Karafli SaiTa | E9: vs The Guns | G9: 3 | H9: 2025 | K9: Xanthi Ducks 🦆 | L9: =COUNTIF($D$4:$D$22,K9) -> 1
A10: FGM | B10: =MAX(Data!$M:$M) -> 333 | C10: =COUNTIF(Data!$M:$M,Records!$B10) -> 1 | D10: =INDEX(Data!$E:$E,MATCH(Records!$B10,Data!$M:$M,0)) -> purple fuzzy apache pirates | E10: =INDEX(Data!$K:$K,MATCH(Records!$B10,Data!$M:$M,0)) -> vs Guruuu 🐐🐐🐐 | G10: =INDEX(Data!$C:$C,MATCH(Records!$B10,Data!$M:$M,0)) -> 17 | H10: =INDEX(Data!$A:$A,MATCH(Records!$B10,Data!$M:$M,0)) -> 2024 | K10: Tsarlatans | L10: =COUNTIF($D$4:$D$22,K10) -> 1
A11: FG% | B11: =MAX(Data!$N:$N) -> 0.608 | C11: =COUNTIF(Data!$N:$N,Records!$B11) -> 1 | D11: =INDEX(Data!$E:$E,MATCH(Records!$B11,Data!$N:$N,0)) -> Tsarlatans | E11: =INDEX(Data!$K:$K,MATCH(Records!$B11,Data!$N:$N,0)) -> vs Fighting Thaddeus | G11: =INDEX(Data!$C:$C,MATCH(Records!$B11,Data!$N:$N,0)) -> 9 | H11: =INDEX(Data!$A:$A,MATCH(Records!$B11,Data!$N:$N,0)) -> 2025 | K11: Underdogs | L11: =COUNTIF($D$4:$D$22,K11) -> 1
A12: 3PM | B12: =MAX(Data!$O:$O) -> 122 | C12: =COUNTIF(Data!$O:$O,Records!$B12) -> 1 | D12: =INDEX(Data!$E:$E,MATCH(Records!$B12,Data!$O:$O,0)) -> Samarina Dudenbros | E12: =INDEX(Data!$K:$K,MATCH(Records!$B12,Data!$O:$O,0)) -> vs The Bad Boys | G12: =INDEX(Data!$C:$C,MATCH(Records!$B12,Data!$O:$O,0)) -> 17 | H12: =INDEX(Data!$A:$A,MATCH(Records!$B12,Data!$O:$O,0)) -> 2025 | K12: Fighting Thaddeus | L12: =COUNTIF($D$4:$D$22,K12) -> 1
A13: 3P% | B13: =MAX(Data!$P:$P) -> 0.537 | C13: =COUNTIF(Data!$P:$P,Records!$B13) -> 1 | D13: =INDEX(Data!$E:$E,MATCH(Records!$B13,Data!$P:$P,0)) -> Underdogs | E13: =INDEX(Data!$K:$K,MATCH(Records!$B13,Data!$P:$P,0)) -> vs Steven Adams' Moustache | G13: =INDEX(Data!$C:$C,MATCH(Records!$B13,Data!$P:$P,0)) -> 19 | H13: =INDEX(Data!$A:$A,MATCH(Records!$B13,Data!$P:$P,0)) -> 2018 | K13: The Bridgeburners | L13: =COUNTIF($D$4:$D$22,K13) -> 1
A14: FT% | B14: =MAX(Data!$Q:$Q) -> 0.956 | C14: =COUNTIF(Data!$Q:$Q,Records!$B14)-1 -> 1 | D14: =INDEX(Data!$E:$E,MATCH(Records!$B14,Data!$Q:$Q,0)) -> Karafli SaiTa | E14: =INDEX(Data!$K:$K,MATCH(Records!$B14,Data!$Q:$Q,0)) -> vs Baltimore Hercules | G14: =INDEX(Data!$C:$C,MATCH(Records!$B14,Data!$Q:$Q,0)) -> 1 | H14: =INDEX(Data!$A:$A,MATCH(Records!$B14,Data!$Q:$Q,0)) -> 2023 | K14: The Bad Boys | L14: =COUNTIF($D$4:$D$22,K14) -> 1
A15: PTS | B15: =MAX(Data!$R:$R) -> 892 | C15: =COUNTIF(Data!$R:$R,Records!$B15) -> 1 | D15: =INDEX(Data!$E:$E,MATCH(Records!$B15,Data!$R:$R,0)) -> purple fuzzy apache pirates | E15: =INDEX(Data!$K:$K,MATCH(Records!$B15,Data!$R:$R,0)) -> vs Guruuu 🐐🐐🐐 | G15: =INDEX(Data!$C:$C,MATCH(Records!$B15,Data!$R:$R,0)) -> 17 | H15: =INDEX(Data!$A:$A,MATCH(Records!$B15,Data!$R:$R,0)) -> 2024 | K15: Kourayo Vallecano | L15: =COUNTIF($D$4:$D$22,K15) -> 1
A16: OREB | B16: =MAX(Data!$S:$S) -> 87 | C16: =COUNTIF(Data!$S:$S,Records!$B16) -> 1 | D16: =INDEX(Data!$E:$E,MATCH(Records!$B16,Data!$S:$S,0)) -> Fighting Thaddeus | E16: =INDEX(Data!$K:$K,MATCH(Records!$B16,Data!$S:$S,0)) -> vs Kourayo Vallecano | G16: =INDEX(Data!$C:$C,MATCH(Records!$B16,Data!$S:$S,0)) -> 15 | H16: =INDEX(Data!$A:$A,MATCH(Records!$B16,Data!$S:$S,0)) -> 2024
A17: DREB | B17: =MAX(Data!$T:$T) -> 245 | C17: =COUNTIF(Data!$T:$T,Records!$B17) -> 1 | D17: =INDEX(Data!$E:$E,MATCH(Records!$B17,Data!$T:$T,0)) -> Steven Adams' Moustache | E17: =INDEX(Data!$K:$K,MATCH(Records!$B17,Data!$T:$T,0)) -> vs Tsarlatans | G17: =INDEX(Data!$C:$C,MATCH(Records!$B17,Data!$T:$T,0)) -> 11 | H17: =INDEX(Data!$A:$A,MATCH(Records!$B17,Data!$T:$T,0)) -> 2021
A18: AST | B18: =MAX(Data!$U:$U) -> 243 | C18: =COUNTIF(Data!$U:$U,Records!$B18) -> 2 | D18: =INDEX(Data!$E:$E,MATCH(Records!$B18,Data!$U:$U,0)) -> Samarina Dudenbros | E18: =INDEX(Data!$K:$K,MATCH(Records!$B18,Data!$U:$U,0)) -> vs The Bridgeburners | G18: =INDEX(Data!$C:$C,MATCH(Records!$B18,Data!$U:$U,0)) -> 16 | H18: =INDEX(Data!$A:$A,MATCH(Records!$B18,Data!$U:$U,0)) -> 2026
A19: STL | B19: =MAX(Data!$V:$V) -> 66 | C19: =COUNTIF(Data!$V:$V,Records!$B19) -> 1 | D19: =INDEX(Data!$E:$E,MATCH(Records!$B19,Data!$V:$V,0)) -> Steven Adams' Moustache | E19: =INDEX(Data!$K:$K,MATCH(Records!$B19,Data!$V:$V,0)) -> vs Kourayo Vallecano | G19: =INDEX(Data!$C:$C,MATCH(Records!$B19,Data!$V:$V,0)) -> 4 | H19: =INDEX(Data!$A:$A,MATCH(Records!$B19,Data!$V:$V,0)) -> 2022
A20: BLK | B20: =MAX(Data!$W:$W) -> 47 | C20: =COUNTIF(Data!$W:$W,Records!$B20) -> 1 | D20: =INDEX(Data!$E:$E,MATCH(Records!$B20,Data!$W:$W,0)) -> Pachiana NinjaBees | E20: =INDEX(Data!$K:$K,MATCH(Records!$B20,Data!$W:$W,0)) -> vs Kourayo Vallecano | G20: =INDEX(Data!$C:$C,MATCH(Records!$B20,Data!$W:$W,0)) -> 17 | H20: =INDEX(Data!$A:$A,MATCH(Records!$B20,Data!$W:$W,0)) -> 2024
A21: TO | B21: =MIN(Data!$X:$X) -> 8 | C21: =COUNTIF(Data!$X:$X,Records!$B21) -> 1 | D21: =INDEX(Data!$E:$E,MATCH(Records!$B21,Data!$X:$X,0)) -> The Bad Boys | E21: =INDEX(Data!$K:$K,MATCH(Records!$B21,Data!$X:$X,0)) -> vs The Guns | G21: =INDEX(Data!$C:$C,MATCH(Records!$B21,Data!$X:$X,0)) -> 7 | H21: =INDEX(Data!$A:$A,MATCH(Records!$B21,Data!$X:$X,0)) -> 2022
A22: A/TO | B22: =MAX(Data!$Y:$Y) -> 4.32 | C22: =COUNTIF(Data!$Y:$Y,Records!$B22) -> 1 | D22: =INDEX(Data!$E:$E,MATCH(Records!$B22,Data!$Y:$Y,0)) -> Kourayo Vallecano | E22: =INDEX(Data!$K:$K,MATCH(Records!$B22,Data!$Y:$Y,0)) -> vs The Rookies | G22: =INDEX(Data!$C:$C,MATCH(Records!$B22,Data!$Y:$Y,0)) -> 14 | H22: =INDEX(Data!$A:$A,MATCH(Records!$B22,Data!$Y:$Y,0)) -> 2019
A24: 2018
A26: Category | B26: Value | D26: Team | E26: Opponent | G26: Period | I26: All Time Rank | K26: Team | L26: # of records
A27: Wins | B27: =_xlfn.MAXIFS(Data!$H:$H,Data!$A:$A,Records!$A$24) -> 12 | C27: =COUNTIFS(Data!$H:$H,Records!$B27,Data!$A:$A,Records!$A$24) -> 8 | D27: {=INDEX(Data!$E:$E,MATCH(1,INDEX((Records!$B27=Data!$H:$H)*($A$24=Data!$A:$A),0,1),0))} -> Pachiana NinjaBees | E27: {=INDEX(Data!$K:$K,MATCH(1,INDEX((Records!$B27=Data!$H:$H)*($A$24=Data!$A:$A),0,1),0))} -> vs purple fuzzy apache pirates | G27: {=INDEX(Data!$C:$C,MATCH(1,INDEX((Records!$B27=Data!$H:$H)*($A$24=Data!$A:$A),0,1),0))} -> 4 | I27: =RANK(B27,Data!$H:$H) -> 7 | K27: {=INDEX(Data!$E:$E,MATCH(1,INDEX((Records!$B27=Data!$H:$H)*($A$24=Data!$A:$A),0,1),0))} -> Pachiana NinjaBees | L27: =COUNTIF($D$27:$D$50,K27) -> 3
D28: Samarina Dudenbros | E28: vs Drogalo Mountain Goats | G28: 7 | I28: =+I27 -> 7 | K28: Salonika Devils | L28: =COUNTIF($D$27:$D$50,K28) -> 3
D29: Xanthi Ducks 🦆 | E29: vs The Guns | G29: 7 | I29: =+I28 -> 7 | K29: Donkey Rolls | L29: =COUNTIF($D$27:$D$50,K29) -> 3
D30: Samarina Dudenbros | E30: vs Underdogs | G30: 14 | I30: =+I29 -> 7 | K30: Samarina Dudenbros | L30: =COUNTIF($D$27:$D$50,K30)-1 -> 2
D31: The Others | E31: vs Underdogs | G31: 16 | I31: =+I30 -> 7 | K31: The Others | L31: =COUNTIF($D$27:$D$50,K31) -> 2
D32: Salonika Devils | E32: vs Underdogs | G32: 17 | I32: =+I31 -> 7 | K32: {=INDEX(Data!$E:$E,MATCH(1,INDEX((Records!$B37=Data!$O:$O)*($A$24=Data!$A:$A),0,1),0))} -> The walkinng dead | L32: =COUNTIF($D$27:$D$50,K32)-1 -> 2
D33: Drogalo Mountain Goats | E33: vs The Guns | G33: 17 | I33: =+I32 -> 7 | K33: {=INDEX(Data!$E:$E,MATCH(1,INDEX((Records!$B41=Data!$P:$P)*($A$24=Data!$A:$A),0,1),0))} -> Underdogs | L33: =COUNTIF($D$27:$D$50,K33) -> 2
D34: Donkey Rolls | E34: vs Underdogs | G34: 18 | I34: =+I33 -> 7 | K34: {=INDEX(Data!$E:$E,MATCH(1,INDEX((Records!$B44=Data!$S:$S)*($A$24=Data!$A:$A),0,1),0))} -> Fighting Thaddeus | L34: =COUNTIF($D$27:$D$50,K34) -> 2
A35: FGM | B35: =_xlfn.MAXIFS(Data!$M:$M,Data!$A:$A,Records!$A$24) -> 261 | C35: =COUNTIFS(Data!$M:$M,Records!$B35,Data!$A:$A,Records!$A$24) -> 1 | D35: {=INDEX(Data!$E:$E,MATCH(1,INDEX((Records!$B35=Data!$M:$M)*($A$24=Data!$A:$A),0,1),0))} -> Karafli SaiTa | E35: {=INDEX(Data!$K:$K,MATCH(1,INDEX((Records!$B35=Data!$M:$M)*($A$24=Data!$A:$A),0,1),0))} -> vs Fighting Thaddeus | G35: {=INDEX(Data!$C:$C,MATCH(1,INDEX((Records!$B35=Data!$M:$M)*($A$24=Data!$A:$A),0,1),0))} -> 18 | I35: =RANK(B35,Data!$M:$M) -> 39 | K35: Xanthi Ducks 🦆 | L35: =COUNTIF($D$27:$D$50,K35) -> 1
A36: FG% | B36: =_xlfn.MAXIFS(Data!$N:$N,Data!$A:$A,Records!$A$24) -> 0.544 | C36: =COUNTIFS(Data!$N:$N,Records!$B36,Data!$A:$A,Records!$A$24) -> 1 | D36: {=INDEX(Data!$E:$E,MATCH(1,INDEX((Records!$B36=Data!$N:$N)*($A$24=Data!$A:$A),0,1),0))} -> Donkey Rolls | E36: {=INDEX(Data!$K:$K,MATCH(1,INDEX((Records!$B36=Data!$N:$N)*($A$24=Data!$A:$A),0,1),0))} -> vs The Bridgeburners | G36: {=INDEX(Data!$C:$C,MATCH(1,INDEX((Records!$B36=Data!$N:$N)*($A$24=Data!$A:$A),0,1),0))} -> 3 | I36: =RANK(B36,Data!$N:$N) -> 45 | K36: Drogalo Mountain Goats | L36: =COUNTIF($D$27:$D$50,K36) -> 1
A37: 3PM | B37: =_xlfn.MAXIFS(Data!$O:$O,Data!$A:$A,Records!$A$24) -> 71 | C37: =COUNTIFS(Data!$O:$O,Records!$B37,Data!$A:$A,Records!$A$24) -> 4 | D37: {=INDEX(Data!$E:$E,MATCH(1,INDEX((Records!$B37=Data!$O:$O)*($A$24=Data!$A:$A),0,1),0))} -> The walkinng dead | E37: {=INDEX(Data!$K:$K,MATCH(1,INDEX((Records!$B37=Data!$O:$O)*($A$24=Data!$A:$A),0,1),0))} -> vs Xanthi Ducks 🦆 | G37: {=INDEX(Data!$C:$C,MATCH(1,INDEX((Records!$B37=Data!$O:$O)*($A$24=Data!$A:$A),0,1),0))} -> 9 | I37: =RANK(B37,Data!$O:$O) -> 144 | K37: {=INDEX(Data!$E:$E,MATCH(1,INDEX((Records!$B35=Data!$M:$M)*($A$24=Data!$A:$A),0,1),0))} -> Karafli SaiTa | L37: =COUNTIF($D$27:$D$50,K37) -> 1
D38: Samarina Dudenbros | E38: vs Fighting Thaddeus | G38: 10 | I38: =+I37 -> 144
D39: The walkinng dead | E39: vs Steven Adams' Moustache | G39: 11 | I39: =+I38 -> 144
D40: Pachiana NinjaBees | E40: vs st.Helens Eruptions | G40: 3rd place | I40: =+I39 -> 144
A41: 3P% | B41: =_xlfn.MAXIFS(Data!$P:$P,Data!$A:$A,Records!$A$24) -> 0.537 | C41: =COUNTIFS(Data!$P:$P,Records!$B41,Data!$A:$A,Records!$A$24) -> 1 | D41: {=INDEX(Data!$E:$E,MATCH(1,INDEX((Records!$B41=Data!$P:$P)*($A$24=Data!$A:$A),0,1),0))} -> Underdogs | E41: {=INDEX(Data!$K:$K,MATCH(1,INDEX((Records!$B41=Data!$P:$P)*($A$24=Data!$A:$A),0,1),0))} -> vs Steven Adams' Moustache | G41: {=INDEX(Data!$C:$C,MATCH(1,INDEX((Records!$B41=Data!$P:$P)*($A$24=Data!$A:$A),0,1),0))} -> 19 | I41: =RANK(B41,Data!$P:$P) -> 1
A42: FT% | B42: =_xlfn.MAXIFS(Data!$Q:$Q,Data!$A:$A,Records!$A$24) -> 0.907 | C42: =COUNTIFS(Data!$Q:$Q,Records!$B42,Data!$A:$A,Records!$A$24) -> 1 | D42: {=INDEX(Data!$E:$E,MATCH(1,INDEX((Records!$B42=Data!$Q:$Q)*($A$24=Data!$A:$A),0,1),0))} -> Donkey Rolls | E42: {=INDEX(Data!$K:$K,MATCH(1,INDEX((Records!$B42=Data!$Q:$Q)*($A$24=Data!$A:$A),0,1),0))} -> vs Retsiniakos 21 | G42: {=INDEX(Data!$C:$C,MATCH(1,INDEX((Records!$B42=Data!$Q:$Q)*($A$24=Data!$A:$A),0,1),0))} -> 1 | I42: =RANK(B42,Data!$Q:$Q) -> 26
A43: PTS | B43: =_xlfn.MAXIFS(Data!$R:$R,Data!$A:$A,Records!$A$24) -> 692 | C43: =COUNTIFS(Data!$R:$R,Records!$B43,Data!$A:$A,Records!$A$24) -> 1 | D43: {=INDEX(Data!$E:$E,MATCH(1,INDEX((Records!$B43=Data!$R:$R)*($A$24=Data!$A:$A),0,1),0))} -> Salonika Devils | E43: {=INDEX(Data!$K:$K,MATCH(1,INDEX((Records!$B43=Data!$R:$R)*($A$24=Data!$A:$A),0,1),0))} -> vs Drogalo Mountain Goats | G43: {=INDEX(Data!$C:$C,MATCH(1,INDEX((Records!$B43=Data!$R:$R)*($A$24=Data!$A:$A),0,1),0))} -> 8 | I43: =RANK(B43,Data!$R:$R) -> 54
A44: OREB | B44: =_xlfn.MAXIFS(Data!$S:$S,Data!$A:$A,Records!$A$24) -> 69 | C44: =COUNTIFS(Data!$S:$S,Records!$B44,Data!$A:$A,Records!$A$24) -> 1 | D44: {=INDEX(Data!$E:$E,MATCH(1,INDEX((Records!$B44=Data!$S:$S)*($A$24=Data!$A:$A),0,1),0))} -> Fighting Thaddeus | E44: {=INDEX(Data!$K:$K,MATCH(1,INDEX((Records!$B44=Data!$S:$S)*($A$24=Data!$A:$A),0,1),0))} -> vs Retsiniakos 21 | G44: {=INDEX(Data!$C:$C,MATCH(1,INDEX((Records!$B44=Data!$S:$S)*($A$24=Data!$A:$A),0,1),0))} -> 19 | I44: =RANK(B44,Data!$S:$S) -> 41
A45: DREB | B45: =_xlfn.MAXIFS(Data!$T:$T,Data!$A:$A,Records!$A$24) -> 205 | C45: =COUNTIFS(Data!$T:$T,Records!$B45,Data!$A:$A,Records!$A$24) -> 1 | D45: {=INDEX(Data!$E:$E,MATCH(1,INDEX((Records!$B45=Data!$T:$T)*($A$24=Data!$A:$A),0,1),0))} -> Fighting Thaddeus | E45: {=INDEX(Data!$K:$K,MATCH(1,INDEX((Records!$B45=Data!$T:$T)*($A$24=Data!$A:$A),0,1),0))} -> vs Retsiniakos 21 | G45: {=INDEX(Data!$C:$C,MATCH(1,INDEX((Records!$B45=Data!$T:$T)*($A$24=Data!$A:$A),0,1),0))} -> 19 | I45: =RANK(B45,Data!$T:$T) -> 39
A46: AST | B46: =_xlfn.MAXIFS(Data!$U:$U,Data!$A:$A,Records!$A$24) -> 161 | C46: =COUNTIFS(Data!$U:$U,Records!$B46,Data!$A:$A,Records!$A$24) -> 1 | D46: {=INDEX(Data!$E:$E,MATCH(1,INDEX((Records!$B46=Data!$U:$U)*($A$24=Data!$A:$A),0,1),0))} -> The Others | E46: {=INDEX(Data!$K:$K,MATCH(1,INDEX((Records!$B46=Data!$U:$U)*($A$24=Data!$A:$A),0,1),0))} -> vs Salonika Devils | G46: {=INDEX(Data!$C:$C,MATCH(1,INDEX((Records!$B46=Data!$U:$U)*($A$24=Data!$A:$A),0,1),0))} -> 6 | I46: =RANK(B46,Data!$U:$U) -> 96
A47: STL | B47: =_xlfn.MAXIFS(Data!$V:$V,Data!$A:$A,Records!$A$24) -> 56 | C47: =COUNTIFS(Data!$V:$V,Records!$B47,Data!$A:$A,Records!$A$24) -> 1 | D47: {=INDEX(Data!$E:$E,MATCH(1,INDEX((Records!$B47=Data!$V:$V)*($A$24=Data!$A:$A),0,1),0))} -> The walkinng dead | E47: {=INDEX(Data!$K:$K,MATCH(1,INDEX((Records!$B47=Data!$V:$V)*($A$24=Data!$A:$A),0,1),0))} -> vs purple fuzzy apache pirates | G47: {=INDEX(Data!$C:$C,MATCH(1,INDEX((Records!$B47=Data!$V:$V)*($A$24=Data!$A:$A),0,1),0))} -> 3 | I47: =RANK(B47,Data!$V:$V) -> 9
A48: BLK | B48: =_xlfn.MAXIFS(Data!$W:$W,Data!$A:$A,Records!$A$24) -> 39 | C48: =COUNTIFS(Data!$W:$W,Records!$B48,Data!$A:$A,Records!$A$24) -> 1 | D48: {=INDEX(Data!$E:$E,MATCH(1,INDEX((Records!$B48=Data!$W:$W)*($A$24=Data!$A:$A),0,1),0))} -> Salonika Devils | E48: {=INDEX(Data!$K:$K,MATCH(1,INDEX((Records!$B48=Data!$W:$W)*($A$24=Data!$A:$A),0,1),0))} -> vs st.Helens Eruptions | G48: {=INDEX(Data!$C:$C,MATCH(1,INDEX((Records!$B48=Data!$W:$W)*($A$24=Data!$A:$A),0,1),0))} -> 15 | I48: =RANK(B48,Data!$W:$W) -> 15
A49: TO | B49: =_xlfn.MINIFS(Data!$X:$X,Data!$A:$A,Records!$A$24) -> 20 | C49: =COUNTIFS(Data!$X:$X,Records!$B49,Data!$A:$A,Records!$A$24) -> 1 | D49: {=INDEX(Data!$E:$E,MATCH(1,INDEX((Records!$B49=Data!$X:$X)*($A$24=Data!$A:$A),0,1),0))} -> Underdogs | E49: {=INDEX(Data!$K:$K,MATCH(1,INDEX((Records!$B49=Data!$X:$X)*($A$24=Data!$A:$A),0,1),0))} -> vs purple fuzzy apache pirates | G49: {=INDEX(Data!$C:$C,MATCH(1,INDEX((Records!$B49=Data!$X:$X)*($A$24=Data!$A:$A),0,1),0))} -> 5 | I49: =RANK(B49,Data!$X:$X,1) -> 21
A50: A/TO | B50: =_xlfn.MAXIFS(Data!$Y:$Y,Data!$A:$A,Records!$A$24) -> 3.2608696 | C50: =COUNTIFS(Data!$Y:$Y,Records!$B50,Data!$A:$A,Records!$A$24) -> 1 | D50: {=INDEX(Data!$E:$E,MATCH(1,INDEX((Records!$B50=Data!$Y:$Y)*($A$24=Data!$A:$A),0,1),0))} -> Pachiana NinjaBees | E50: {=INDEX(Data!$K:$K,MATCH(1,INDEX((Records!$B50=Data!$Y:$Y)*($A$24=Data!$A:$A),0,1),0))} -> vs Salonika Devils | G50: {=INDEX(Data!$C:$C,MATCH(1,INDEX((Records!$B50=Data!$Y:$Y)*($A$24=Data!$A:$A),0,1),0))} -> 18 | I50: =RANK(B50,Data!$Y:$Y) -> 16
A52: 2019
A54: Category | B54: Value | D54: Team | E54: Opponent | G54: Period | I54: All Time Rank | K54: Team | L54: # of records
A55: Wins | B55: =_xlfn.MAXIFS(Data!$H:$H,Data!$A:$A,Records!$A$52) -> 13 | C55: =COUNTIFS(Data!$H:$H,Records!$B55,Data!$A:$A,Records!$A$52) -> 2 | D55: {=INDEX(Data!$E:$E,MATCH(1,INDEX((Records!$B55=Data!$H:$H)*($A$52=Data!$A:$A),0,1),0))} -> Pachiana NinjaBees | E55: {=INDEX(Data!$K:$K,MATCH(1,INDEX((Records!$B55=Data!$H:$H)*($A$52=Data!$A:$A),0,1),0))} -> vs Underdogs | G55: {=INDEX(Data!$C:$C,MATCH(1,INDEX((Records!$B55=Data!$H:$H)*($A$52=Data!$A:$A),0,1),0))} -> 9 | I55: =RANK(B55,Data!$H:$H) -> 1 | K55: {=INDEX(Data!$E:$E,MATCH(1,INDEX((Records!$B57=Data!$M:$M)*($A$52=Data!$A:$A),0,1),0))} -> Karafli SaiTa | L55: =COUNTIF($D$55:$D$70,K55) -> 3
D56: Samarina Dudenbros | E56: vs Underdogs | G56: 14 | I56: =+I55 -> 1 | K56: {=INDEX(Data!$E:$E,MATCH(1,INDEX((Records!$B60=Data!$P:$P)*($A$52=Data!$A:$A),0,1),0))} -> The Guns | L56: =COUNTIF($D$55:$D$70,K56) -> 3
A57: FGM | B57: =_xlfn.MAXIFS(Data!$M:$M,Data!$A:$A,Records!$A$52) -> 243 | C57: =COUNTIFS(Data!$M:$M,Records!$B57,Data!$A:$A,Records!$A$52) -> 1 | D57: {=INDEX(Data!$E:$E,MATCH(1,INDEX((Records!$B57=Data!$M:$M)*($A$52=Data!$A:$A),0,1),0))} -> Karafli SaiTa | E57: {=INDEX(Data!$K:$K,MATCH(1,INDEX((Records!$B57=Data!$M:$M)*($A$52=Data!$A:$A),0,1),0))} -> vs st.Helens Eruptions | G57: {=INDEX(Data!$C:$C,MATCH(1,INDEX((Records!$B57=Data!$M:$M)*($A$52=Data!$A:$A),0,1),0))} -> 10 | I57: =RANK(B57,Data!$M:$M) -> 82 | K57: {=INDEX(Data!$E:$E,MATCH(1,INDEX((Records!$B59=Data!$O:$O)*($A$52=Data!$A:$A),0,1),0))} -> The Bridgeburners | L57: =COUNTIF($D$55:$D$70,K57) -> 2
A58: FG% | B58: =_xlfn.MAXIFS(Data!$N:$N,Data!$A:$A,Records!$A$52) -> 0.543 | C58: =COUNTIFS(Data!$N:$N,Records!$B58,Data!$A:$A,Records!$A$52) -> 1 | D58: {=INDEX(Data!$E:$E,MATCH(1,INDEX((Records!$B58=Data!$N:$N)*($A$52=Data!$A:$A),0,1),0))} -> Donkey Rolls | E58: {=INDEX(Data!$K:$K,MATCH(1,INDEX((Records!$B58=Data!$N:$N)*($A$52=Data!$A:$A),0,1),0))} -> vs The Guns | G58: {=INDEX(Data!$C:$C,MATCH(1,INDEX((Records!$B58=Data!$N:$N)*($A$52=Data!$A:$A),0,1),0))} -> 15 | I58: =RANK(B58,Data!$N:$N) -> 49 | K58: {=INDEX(Data!$E:$E,MATCH(1,INDEX((Records!$B65=Data!$U:$U)*($A$52=Data!$A:$A),0,1),0))} -> Kourayo Vallecano | L58: =COUNTIF($D$55:$D$70,K58) -> 2
A59: 3PM | B59: =_xlfn.MAXIFS(Data!$O:$O,Data!$A:$A,Records!$A$52) -> 77 | C59: =COUNTIFS(Data!$O:$O,Records!$B59,Data!$A:$A,Records!$A$52) -> 1 | D59: {=INDEX(Data!$E:$E,MATCH(1,INDEX((Records!$B59=Data!$O:$O)*($A$52=Data!$A:$A),0,1),0))} -> The Bridgeburners | E59: {=INDEX(Data!$K:$K,MATCH(1,INDEX((Records!$B59=Data!$O:$O)*($A$52=Data!$A:$A),0,1),0))} -> vs Salonika Devils | G59: {=INDEX(Data!$C:$C,MATCH(1,INDEX((Records!$B59=Data!$O:$O)*($A$52=Data!$A:$A),0,1),0))} -> 2 | I59: =RANK(B59,Data!$O:$O) -> 64 | K59: {=INDEX(Data!$E:$E,MATCH(1,INDEX((Records!$B55=Data!$H:$H)*($A$52=Data!$A:$A),0,1),0))} -> Pachiana NinjaBees | L59: =COUNTIF($D$55:$D$70,K59) -> 1
A60: 3P% | B60: =_xlfn.MAXIFS(Data!$P:$P,Data!$A:$A,Records!$A$52) -> 0.482 | C60: =COUNTIFS(Data!$P:$P,Records!$B60,Data!$A:$A,Records!$A$52) -> 1 | D60: {=INDEX(Data!$E:$E,MATCH(1,INDEX((Records!$B60=Data!$P:$P)*($A$52=Data!$A:$A),0,1),0))} -> The Guns | E60: {=INDEX(Data!$K:$K,MATCH(1,INDEX((Records!$B60=Data!$P:$P)*($A$52=Data!$A:$A),0,1),0))} -> vs The Others | G60: {=INDEX(Data!$C:$C,MATCH(1,INDEX((Records!$B60=Data!$P:$P)*($A$52=Data!$A:$A),0,1),0))} -> 13 | I60: =RANK(B60,Data!$P:$P) -> 16 | K60: Samarina Dudenbros | L60: =COUNTIF($D$55:$D$70,K60) -> 1
A61: FT% | B61: =_xlfn.MAXIFS(Data!$Q:$Q,Data!$A:$A,Records!$A$52) -> 0.913 | C61: =COUNTIFS(Data!$Q:$Q,Records!$B61,Data!$A:$A,Records!$A$52) -> 1 | D61: {=INDEX(Data!$E:$E,MATCH(1,INDEX((Records!$B61=Data!$Q:$Q)*($A$52=Data!$A:$A),0,1),0))} -> The Others | E61: {=INDEX(Data!$K:$K,MATCH(1,INDEX((Records!$B61=Data!$Q:$Q)*($A$52=Data!$A:$A),0,1),0))} -> vs The walkinng dead | G61: {=INDEX(Data!$C:$C,MATCH(1,INDEX((Records!$B61=Data!$Q:$Q)*($A$52=Data!$A:$A),0,1),0))} -> 18 | I61: =RANK(B61,Data!$Q:$Q) -> 22 | K61: {=INDEX(Data!$E:$E,MATCH(1,INDEX((Records!$B58=Data!$N:$N)*($A$52=Data!$A:$A),0,1),0))} -> Donkey Rolls | L61: =COUNTIF($D$55:$D$70,K61) -> 1
A62: PTS | B62: =_xlfn.MAXIFS(Data!$R:$R,Data!$A:$A,Records!$A$52) -> 664 | C62: =COUNTIFS(Data!$R:$R,Records!$B62,Data!$A:$A,Records!$A$52) -> 1 | D62: {=INDEX(Data!$E:$E,MATCH(1,INDEX((Records!$B62=Data!$R:$R)*($A$52=Data!$A:$A),0,1),0))} -> The Guns | E62: {=INDEX(Data!$K:$K,MATCH(1,INDEX((Records!$B62=Data!$R:$R)*($A$52=Data!$A:$A),0,1),0))} -> vs Kourayo Vallecano | G62: {=INDEX(Data!$C:$C,MATCH(1,INDEX((Records!$B62=Data!$R:$R)*($A$52=Data!$A:$A),0,1),0))} -> 18 | I62: =RANK(B62,Data!$R:$R) -> 87 | K62: {=INDEX(Data!$E:$E,MATCH(1,INDEX((Records!$B61=Data!$Q:$Q)*($A$52=Data!$A:$A),0,1),0))} -> The Others | L62: =COUNTIF($D$55:$D$70,K62) -> 1
A63: OREB | B63: =_xlfn.MAXIFS(Data!$S:$S,Data!$A:$A,Records!$A$52) -> 83 | C63: =COUNTIFS(Data!$S:$S,Records!$B63,Data!$A:$A,Records!$A$52) -> 1 | D63: {=INDEX(Data!$E:$E,MATCH(1,INDEX((Records!$B63=Data!$S:$S)*($A$52=Data!$A:$A),0,1),0))} -> Karafli SaiTa | E63: {=INDEX(Data!$K:$K,MATCH(1,INDEX((Records!$B63=Data!$S:$S)*($A$52=Data!$A:$A),0,1),0))} -> vs Drogalo Mountain Goats | G63: {=INDEX(Data!$C:$C,MATCH(1,INDEX((Records!$B63=Data!$S:$S)*($A$52=Data!$A:$A),0,1),0))} -> 6 | I63: =RANK(B63,Data!$S:$S) -> 5 | K63: Steven Adams' Moustache | L63: =COUNTIF($D$55:$D$70,K63) -> 1
A64: DREB | B64: =_xlfn.MAXIFS(Data!$T:$T,Data!$A:$A,Records!$A$52) -> 242 | C64: =COUNTIFS(Data!$T:$T,Records!$B64,Data!$A:$A,Records!$A$52) -> 1 | D64: {=INDEX(Data!$E:$E,MATCH(1,INDEX((Records!$B64=Data!$T:$T)*($A$52=Data!$A:$A),0,1),0))} -> Karafli SaiTa | E64: {=INDEX(Data!$K:$K,MATCH(1,INDEX((Records!$B64=Data!$T:$T)*($A$52=Data!$A:$A),0,1),0))} -> vs st.Helens Eruptions | G64: {=INDEX(Data!$C:$C,MATCH(1,INDEX((Records!$B64=Data!$T:$T)*($A$52=Data!$A:$A),0,1),0))} -> 10 | I64: =RANK(B64,Data!$T:$T) -> 3 | K64: {=INDEX(Data!$E:$E,MATCH(1,INDEX((Records!$B69=Data!$X:$X)*($A$52=Data!$A:$A),0,1),0))} -> The walkinng dead | L64: =COUNTIF($D$55:$D$70,K64) -> 1
A65: AST | B65: =_xlfn.MAXIFS(Data!$U:$U,Data!$A:$A,Records!$A$52) -> 164 | C65: =COUNTIFS(Data!$U:$U,Records!$B65,Data!$A:$A,Records!$A$52) -> 1 | D65: {=INDEX(Data!$E:$E,MATCH(1,INDEX((Records!$B65=Data!$U:$U)*($A$52=Data!$A:$A),0,1),0))} -> Kourayo Vallecano | E65: {=INDEX(Data!$K:$K,MATCH(1,INDEX((Records!$B65=Data!$U:$U)*($A$52=Data!$A:$A),0,1),0))} -> vs The Rookies | G65: {=INDEX(Data!$C:$C,MATCH(1,INDEX((Records!$B65=Data!$U:$U)*($A$52=Data!$A:$A),0,1),0))} -> 14 | I65: =RANK(B65,Data!$U:$U) -> 83
A66: STL | B66: =_xlfn.MAXIFS(Data!$V:$V,Data!$A:$A,Records!$A$52) -> 57 | C66: =COUNTIFS(Data!$V:$V,Records!$B66,Data!$A:$A,Records!$A$52) -> 2 | D66: {=INDEX(Data!$E:$E,MATCH(1,INDEX((Records!$B66=Data!$V:$V)*($A$52=Data!$A:$A),0,1),0))} -> The Bridgeburners | E66: {=INDEX(Data!$K:$K,MATCH(1,INDEX((Records!$B66=Data!$V:$V)*($A$52=Data!$A:$A),0,1),0))} -> vs Karafli SaiTa | G66: {=INDEX(Data!$C:$C,MATCH(1,INDEX((Records!$B66=Data!$V:$V)*($A$52=Data!$A:$A),0,1),0))} -> 7 | I66: =RANK(B66,Data!$V:$V) -> 6
D67: Steven Adams' Moustache | E67: vs Drogalo Mountain Goats | G67: 9 | I67: =+I66 -> 6
A68: BLK | B68: =_xlfn.MAXIFS(Data!$W:$W,Data!$A:$A,Records!$A$52) -> 43 | C68: =COUNTIFS(Data!$W:$W,Records!$B68,Data!$A:$A,Records!$A$52) -> 1 | D68: {=INDEX(Data!$E:$E,MATCH(1,INDEX((Records!$B68=Data!$W:$W)*($A$52=Data!$A:$A),0,1),0))} -> The Guns | E68: {=INDEX(Data!$K:$K,MATCH(1,INDEX((Records!$B68=Data!$W:$W)*($A$52=Data!$A:$A),0,1),0))} -> vs Karafli SaiTa | G68: {=INDEX(Data!$C:$C,MATCH(1,INDEX((Records!$B68=Data!$W:$W)*($A$52=Data!$A:$A),0,1),0))} -> 19 | I68: =RANK(B68,Data!$W:$W) -> 2
A69: TO | B69: =_xlfn.MINIFS(Data!$X:$X,Data!$A:$A,Records!$A$52) -> 24 | C69: =COUNTIFS(Data!$X:$X,Records!$B69,Data!$A:$A,Records!$A$52) -> 1 | D69: {=INDEX(Data!$E:$E,MATCH(1,INDEX((Records!$B69=Data!$X:$X)*($A$52=Data!$A:$A),0,1),0))} -> The walkinng dead | E69: {=INDEX(Data!$K:$K,MATCH(1,INDEX((Records!$B69=Data!$X:$X)*($A$52=Data!$A:$A),0,1),0))} -> vs Drogalo Mountain Goats | G69: {=INDEX(Data!$C:$C,MATCH(1,INDEX((Records!$B69=Data!$X:$X)*($A$52=Data!$A:$A),0,1),0))} -> 12 | I69: =RANK(B69,Data!$X:$X,1) -> 53
A70: A/TO | B70: =_xlfn.MAXIFS(Data!$Y:$Y,Data!$A:$A,Records!$A$52) -> 4.32 | C70: =COUNTIFS(Data!$Y:$Y,Records!$B70,Data!$A:$A,Records!$A$52) -> 1 | D70: {=INDEX(Data!$E:$E,MATCH(1,INDEX((Records!$B70=Data!$Y:$Y)*($A$52=Data!$A:$A),0,1),0))} -> Kourayo Vallecano | E70: {=INDEX(Data!$K:$K,MATCH(1,INDEX((Records!$B70=Data!$Y:$Y)*($A$52=Data!$A:$A),0,1),0))} -> vs The Rookies | G70: {=INDEX(Data!$C:$C,MATCH(1,INDEX((Records!$B70=Data!$Y:$Y)*($A$52=Data!$A:$A),0,1),0))} -> 14 | I70: =RANK(B70,Data!$Y:$Y) -> 1
A72: 2020
A74: Category | B74: Value | D74: Team | E74: Opponent | G74: Period | I74: All Time Rank | K74: Team | L74: # of records
A75: Wins | B75: =_xlfn.MAXIFS(Data!$H:$H,Data!$A:$A,Records!$A$72) -> 13 | C75: =COUNTIFS(Data!$H:$H,Records!$B75,Data!$A:$A,Records!$A$72) -> 1 | D75: {=INDEX(Data!$E:$E,MATCH(1,INDEX((Records!$B75=Data!$H:$H)*($A$72=Data!$A:$A),0,1),0))} -> The Bridgeburners | E75: {=INDEX(Data!$K:$K,MATCH(1,INDEX((Records!$B75=Data!$H:$H)*($A$72=Data!$A:$A),0,1),0))} -> vs Samarina Dudenbros | G75: {=INDEX(Data!$C:$C,MATCH(1,INDEX((Records!$B75=Data!$H:$H)*($A$72=Data!$A:$A),0,1),0))} -> 7 | I75: =RANK(B75,Data!$H:$H) -> 1 | K75: Purple Fuzzy Apache higHeads | L75: =COUNTIF($D$75:$D$88,K75) -> 0
A76: FGM | B76: =_xlfn.MAXIFS(Data!$M:$M,Data!$A:$A,Records!$A$72) -> 279 | C76: =COUNTIFS(Data!$M:$M,Records!$B76,Data!$A:$A,Records!$A$72) -> 1 | D76: {=INDEX(Data!$E:$E,MATCH(1,INDEX((Records!$B76=Data!$M:$M)*($A$72=Data!$A:$A),0,1),0))} -> purple fuzzy apache pirates | E76: {=INDEX(Data!$K:$K,MATCH(1,INDEX((Records!$B76=Data!$M:$M)*($A$72=Data!$A:$A),0,1),0))} -> vs The Bridgeburners | G76: {=INDEX(Data!$C:$C,MATCH(1,INDEX((Records!$B76=Data!$M:$M)*($A$72=Data!$A:$A),0,1),0))} -> 18 | I76: =RANK(B76,Data!$M:$M) -> 15 | K76: The Bridgeburners | L76: =COUNTIF($D$75:$D$88,K76) -> 2
A77: FG% | B77: =_xlfn.MAXIFS(Data!$N:$N,Data!$A:$A,Records!$A$72) -> 0.55621302 | C77: =COUNTIFS(Data!$N:$N,Records!$B77,Data!$A:$A,Records!$A$72) -> 1 | D77: {=INDEX(Data!$E:$E,MATCH(1,INDEX((Records!$B77=Data!$N:$N)*($A$72=Data!$A:$A),0,1),0))} -> Kourayo Vallecano | E77: {=INDEX(Data!$K:$K,MATCH(1,INDEX((Records!$B77=Data!$N:$N)*($A$72=Data!$A:$A),0,1),0))} -> vs The Guns | G77: {=INDEX(Data!$C:$C,MATCH(1,INDEX((Records!$B77=Data!$N:$N)*($A$72=Data!$A:$A),0,1),0))} -> 4 | I77: =RANK(B77,Data!$N:$N) -> 21 | K77: Kourayo Vallecano | L77: =COUNTIF($D$75:$D$88,K77) -> 2
A78: 3PM | B78: =_xlfn.MAXIFS(Data!$O:$O,Data!$A:$A,Records!$A$72) -> 86 | C78: =COUNTIFS(Data!$O:$O,Records!$B78,Data!$A:$A,Records!$A$72) -> 1 | D78: {=INDEX(Data!$E:$E,MATCH(1,INDEX((Records!$B78=Data!$O:$O)*($A$72=Data!$A:$A),0,1),0))} -> purple fuzzy apache pirates | E78: {=INDEX(Data!$K:$K,MATCH(1,INDEX((Records!$B78=Data!$O:$O)*($A$72=Data!$A:$A),0,1),0))} -> vs The Bridgeburners | G78: {=INDEX(Data!$C:$C,MATCH(1,INDEX((Records!$B78=Data!$O:$O)*($A$72=Data!$A:$A),0,1),0))} -> 18 | I78: =RANK(B78,Data!$O:$O) -> 13 | K78: Grand Theft Ottos | L78: =COUNTIF($D$75:$D$88,K78) -> 0
A79: 3P% | B79: =_xlfn.MAXIFS(Data!$P:$P,Data!$A:$A,Records!$A$72) -> 0.50793651 | C79: =COUNTIFS(Data!$P:$P,Records!$B79,Data!$A:$A,Records!$A$72) -> 1 | D79: {=INDEX(Data!$E:$E,MATCH(1,INDEX((Records!$B79=Data!$P:$P)*($A$72=Data!$A:$A),0,1),0))} -> Xanthi Ducks 🦆 | E79: {=INDEX(Data!$K:$K,MATCH(1,INDEX((Records!$B79=Data!$P:$P)*($A$72=Data!$A:$A),0,1),0))} -> vs Donkey Rolls | G79: {=INDEX(Data!$C:$C,MATCH(1,INDEX((Records!$B79=Data!$P:$P)*($A$72=Data!$A:$A),0,1),0))} -> 5 | I79: =RANK(B79,Data!$P:$P) -> 4 | K79: Pachiana NinjaBees | L79: =COUNTIF($D$75:$D$88,K79) -> 1
A80: FT% | B80: =_xlfn.MAXIFS(Data!$Q:$Q,Data!$A:$A,Records!$A$72) -> 0.91860465 | C80: =COUNTIFS(Data!$Q:$Q,Records!$B80,Data!$A:$A,Records!$A$72) -> 1 | D80: {=INDEX(Data!$E:$E,MATCH(1,INDEX((Records!$B80=Data!$Q:$Q)*($A$72=Data!$A:$A),0,1),0))} -> Pachiana NinjaBees | E80: {=INDEX(Data!$K:$K,MATCH(1,INDEX((Records!$B80=Data!$Q:$Q)*($A$72=Data!$A:$A),0,1),0))} -> vs Steven Adams' Moustache | G80: {=INDEX(Data!$C:$C,MATCH(1,INDEX((Records!$B80=Data!$Q:$Q)*($A$72=Data!$A:$A),0,1),0))} -> 3 | I80: =RANK(B80,Data!$Q:$Q) -> 13 | K80: The Guns | L80: =COUNTIF($D$75:$D$88,K80) -> 1
A81: PTS | B81: =_xlfn.MAXIFS(Data!$R:$R,Data!$A:$A,Records!$A$72) -> 773 | C81: =COUNTIFS(Data!$R:$R,Records!$B81,Data!$A:$A,Records!$A$72) -> 1 | D81: {=INDEX(Data!$E:$E,MATCH(1,INDEX((Records!$B81=Data!$R:$R)*($A$72=Data!$A:$A),0,1),0))} -> purple fuzzy apache pirates | E81: {=INDEX(Data!$K:$K,MATCH(1,INDEX((Records!$B81=Data!$R:$R)*($A$72=Data!$A:$A),0,1),0))} -> vs The Bridgeburners | G81: {=INDEX(Data!$C:$C,MATCH(1,INDEX((Records!$B81=Data!$R:$R)*($A$72=Data!$A:$A),0,1),0))} -> 18 | I81: =RANK(B81,Data!$R:$R) -> 15 | K81: Georgetown SKG | L81: =COUNTIF($D$75:$D$88,K81) -> 0
A82: OREB | B82: =_xlfn.MAXIFS(Data!$S:$S,Data!$A:$A,Records!$A$72) -> 71 | C82: =COUNTIFS(Data!$S:$S,Records!$B82,Data!$A:$A,Records!$A$72) -> 1 | D82: {=INDEX(Data!$E:$E,MATCH(1,INDEX((Records!$B82=Data!$S:$S)*($A$72=Data!$A:$A),0,1),0))} -> The Guns | E82: {=INDEX(Data!$K:$K,MATCH(1,INDEX((Records!$B82=Data!$S:$S)*($A$72=Data!$A:$A),0,1),0))} -> vs Xanthi Ducks 🦆 | G82: {=INDEX(Data!$C:$C,MATCH(1,INDEX((Records!$B82=Data!$S:$S)*($A$72=Data!$A:$A),0,1),0))} -> 14 | I82: =RANK(B82,Data!$S:$S) -> 31 | K82: The Others | L82: =COUNTIF($D$75:$D$88,K82) -> 1
A83: DREB | B83: =_xlfn.MAXIFS(Data!$T:$T,Data!$A:$A,Records!$A$72) -> 220 | C83: =COUNTIFS(Data!$T:$T,Records!$B83,Data!$A:$A,Records!$A$72) -> 1 | D83: {=INDEX(Data!$E:$E,MATCH(1,INDEX((Records!$B83=Data!$T:$T)*($A$72=Data!$A:$A),0,1),0))} -> purple fuzzy apache pirates | E83: {=INDEX(Data!$K:$K,MATCH(1,INDEX((Records!$B83=Data!$T:$T)*($A$72=Data!$A:$A),0,1),0))} -> vs The Bridgeburners | G83: {=INDEX(Data!$C:$C,MATCH(1,INDEX((Records!$B83=Data!$T:$T)*($A$72=Data!$A:$A),0,1),0))} -> 18 | I83: =RANK(B83,Data!$T:$T) -> 11 | K83: Donkey Rolls | L83: =COUNTIF($D$75:$D$88,K83) -> 1
A84: AST | B84: =_xlfn.MAXIFS(Data!$U:$U,Data!$A:$A,Records!$A$72) -> 184 | C84: =COUNTIFS(Data!$U:$U,Records!$B84,Data!$A:$A,Records!$A$72) -> 1 | D84: {=INDEX(Data!$E:$E,MATCH(1,INDEX((Records!$B84=Data!$U:$U)*($A$72=Data!$A:$A),0,1),0))} -> Kourayo Vallecano | E84: {=INDEX(Data!$K:$K,MATCH(1,INDEX((Records!$B84=Data!$U:$U)*($A$72=Data!$A:$A),0,1),0))} -> vs Pachiana NinjaBees | G84: {=INDEX(Data!$C:$C,MATCH(1,INDEX((Records!$B84=Data!$U:$U)*($A$72=Data!$A:$A),0,1),0))} -> 17 | I84: =RANK(B84,Data!$U:$U) -> 27
A85: STL | B85: =_xlfn.MAXIFS(Data!$V:$V,Data!$A:$A,Records!$A$72) -> 53 | C85: =COUNTIFS(Data!$V:$V,Records!$B85,Data!$A:$A,Records!$A$72) -> 1 | D85: {=INDEX(Data!$E:$E,MATCH(1,INDEX((Records!$B85=Data!$V:$V)*($A$72=Data!$A:$A),0,1),0))} -> The Bridgeburners | E85: {=INDEX(Data!$K:$K,MATCH(1,INDEX((Records!$B85=Data!$V:$V)*($A$72=Data!$A:$A),0,1),0))} -> vs Guruuu 🐐🐐🐐 | G85: {=INDEX(Data!$C:$C,MATCH(1,INDEX((Records!$B85=Data!$V:$V)*($A$72=Data!$A:$A),0,1),0))} -> 5 | I85: =RANK(B85,Data!$V:$V) -> 13
A86: BLK | B86: =_xlfn.MAXIFS(Data!$W:$W,Data!$A:$A,Records!$A$72) -> 38 | C86: =COUNTIFS(Data!$W:$W,Records!$B86,Data!$A:$A,Records!$A$72) -> 1 | D86: {=INDEX(Data!$E:$E,MATCH(1,INDEX((Records!$B86=Data!$W:$W)*($A$72=Data!$A:$A),0,1),0))} -> Tsarlatans | E86: {=INDEX(Data!$K:$K,MATCH(1,INDEX((Records!$B86=Data!$W:$W)*($A$72=Data!$A:$A),0,1),0))} -> vs Salonika Devils | G86: {=INDEX(Data!$C:$C,MATCH(1,INDEX((Records!$B86=Data!$W:$W)*($A$72=Data!$A:$A),0,1),0))} -> 19 | I86: =RANK(B86,Data!$W:$W) -> 23
A87: TO | B87: =_xlfn.MINIFS(Data!$X:$X,Data!$A:$A,Records!$A$72) -> 24 | C87: =COUNTIFS(Data!$X:$X,Records!$B87,Data!$A:$A,Records!$A$72) -> 1 | D87: {=INDEX(Data!$E:$E,MATCH(1,INDEX((Records!$B87=Data!$X:$X)*($A$72=Data!$A:$A),0,1),0))} -> The Others | E87: {=INDEX(Data!$K:$K,MATCH(1,INDEX((Records!$B87=Data!$X:$X)*($A$72=Data!$A:$A),0,1),0))} -> vs Pachiana NinjaBees | G87: {=INDEX(Data!$C:$C,MATCH(1,INDEX((Records!$B87=Data!$X:$X)*($A$72=Data!$A:$A),0,1),0))} -> 13 | I87: =RANK(B87,Data!$X:$X,1) -> 53
A88: A/TO | B88: =_xlfn.MAXIFS(Data!$Y:$Y,Data!$A:$A,Records!$A$72) -> 3.1935484 | C88: =COUNTIFS(Data!$Y:$Y,Records!$B88,Data!$A:$A,Records!$A$72) -> 1 | D88: {=INDEX(Data!$E:$E,MATCH(1,INDEX((Records!$B88=Data!$Y:$Y)*($A$72=Data!$A:$A),0,1),0))} -> Donkey Rolls | E88: {=INDEX(Data!$K:$K,MATCH(1,INDEX((Records!$B88=Data!$Y:$Y)*($A$72=Data!$A:$A),0,1),0))} -> vs purple fuzzy apache pirates | G88: {=INDEX(Data!$C:$C,MATCH(1,INDEX((Records!$B88=Data!$Y:$Y)*($A$72=Data!$A:$A),0,1),0))} -> 12 | I88: =RANK(B88,Data!$Y:$Y) -> 23
A90: 2021
A92: Category | B92: Value | D92: Team | E92: Opponent | G92: Period | I92: All Time Rank | K92: Team | L92: # of records
A93: Wins | B93: =_xlfn.MAXIFS(Data!$H:$H,Data!$A:$A,Records!$A$90) -> 12 | C93: =COUNTIFS(Data!$H:$H,Records!$B93,Data!$A:$A,Records!$A$90) -> 2 | D93: {=INDEX(Data!$E:$E,MATCH(1,INDEX((Records!$B93=Data!$H:$H)*($A$90=Data!$A:$A),0,1),0))} -> Kourayo Vallecano | E93: {=INDEX(Data!$K:$K,MATCH(1,INDEX((Records!$B93=Data!$H:$H)*($A$90=Data!$A:$A),0,1),0))} -> vs Knights of Ni | G93: {=INDEX(Data!$C:$C,MATCH(1,INDEX((Records!$B93=Data!$H:$H)*($A$90=Data!$A:$A),0,1),0))} -> 3 | I93: =RANK(B93,Data!$H:$H) -> 7 | K93: Kourayo Vallecano | L93: =COUNTIF($D$93:$D$108,K93) -> 2
D94: Kourayo Vallecano | E94: vs The Guns | G94: 14 | I94: =+I93 -> 7 | K94: Steven Adams' Moustache | L94: =COUNTIF($D$93:$D$108,K94) -> 5
A95: FGM | B95: =_xlfn.MAXIFS(Data!$M:$M,Data!$A:$A,Records!$A$90) -> 323 | C95: =COUNTIFS(Data!$M:$M,Records!$B95,Data!$A:$A,Records!$A$90) -> 1 | D95: {=INDEX(Data!$E:$E,MATCH(1,INDEX((Records!$B95=Data!$M:$M)*($A$90=Data!$A:$A),0,1),0))} -> Steven Adams' Moustache | E95: {=INDEX(Data!$K:$K,MATCH(1,INDEX((Records!$B95=Data!$M:$M)*($A$90=Data!$A:$A),0,1),0))} -> vs Tsarlatans | G95: {=INDEX(Data!$C:$C,MATCH(1,INDEX((Records!$B95=Data!$M:$M)*($A$90=Data!$A:$A),0,1),0))} -> 11 | I95: =RANK(B95,Data!$M:$M) -> 2 | K95: Samarina Dudenbros | L95: =COUNTIF($D$93:$D$108,K95) -> 1
A96: FG% | B96: =_xlfn.MAXIFS(Data!$N:$N,Data!$A:$A,Records!$A$90) -> 0.606 | C96: =COUNTIFS(Data!$N:$N,Records!$B96,Data!$A:$A,Records!$A$90) -> 1 | D96: {=INDEX(Data!$E:$E,MATCH(1,INDEX((Records!$B96=Data!$N:$N)*($A$90=Data!$A:$A),0,1),0))} -> Samarina Dudenbros | E96: {=INDEX(Data!$K:$K,MATCH(1,INDEX((Records!$B96=Data!$N:$N)*($A$90=Data!$A:$A),0,1),0))} -> vs Kourayo Vallecano | G96: {=INDEX(Data!$C:$C,MATCH(1,INDEX((Records!$B96=Data!$N:$N)*($A$90=Data!$A:$A),0,1),0))} -> 6 | I96: =RANK(B96,Data!$N:$N) -> 2 | K96: st.Helens Eruptions | L96: =COUNTIF($D$93:$D$108,K96)-1 -> 0
A97: 3PM | B97: =_xlfn.MAXIFS(Data!$O:$O,Data!$A:$A,Records!$A$90) -> 92 | C97: =COUNTIFS(Data!$O:$O,Records!$B97,Data!$A:$A,Records!$A$90) -> 1 | D97: {=INDEX(Data!$E:$E,MATCH(1,INDEX((Records!$B97=Data!$O:$O)*($A$90=Data!$A:$A),0,1),0))} -> st.Helens Eruptions | E97: {=INDEX(Data!$K:$K,MATCH(1,INDEX((Records!$B97=Data!$O:$O)*($A$90=Data!$A:$A),0,1),0))} -> vs Underdogs | G97: {=INDEX(Data!$C:$C,MATCH(1,INDEX((Records!$B97=Data!$O:$O)*($A$90=Data!$A:$A),0,1),0))} -> 8 | I97: =RANK(B97,Data!$O:$O) -> 6 | K97: The Rookies | L97: =COUNTIF($D$93:$D$108,K97) -> 1
A98: 3P% | B98: =_xlfn.MAXIFS(Data!$P:$P,Data!$A:$A,Records!$A$90) -> 0.5 | C98: =COUNTIFS(Data!$P:$P,Records!$B98,Data!$A:$A,Records!$A$90) -> 1 | D98: {=INDEX(Data!$E:$E,MATCH(1,INDEX((Records!$B98=Data!$P:$P)*($A$90=Data!$A:$A),0,1),0))} -> The Rookies | E98: {=INDEX(Data!$K:$K,MATCH(1,INDEX((Records!$B98=Data!$P:$P)*($A$90=Data!$A:$A),0,1),0))} -> vs Fighting Thaddeus | G98: {=INDEX(Data!$C:$C,MATCH(1,INDEX((Records!$B98=Data!$P:$P)*($A$90=Data!$A:$A),0,1),0))} -> 9 | I98: =RANK(B98,Data!$P:$P) -> 6 | K98: Guruuu 🐐🐐🐐 | L98: =COUNTIF($D$93:$D$108,K98) -> 2
A99: FT% | B99: =_xlfn.MAXIFS(Data!$Q:$Q,Data!$A:$A,Records!$A$90) -> 0.926 | C99: =COUNTIFS(Data!$Q:$Q,Records!$B99,Data!$A:$A,Records!$A$90) -> 1 | D99: {=INDEX(Data!$E:$E,MATCH(1,INDEX((Records!$B99=Data!$Q:$Q)*($A$90=Data!$A:$A),0,1),0))} -> Guruuu 🐐🐐🐐 | E99: {=INDEX(Data!$K:$K,MATCH(1,INDEX((Records!$B99=Data!$Q:$Q)*($A$90=Data!$A:$A),0,1),0))} -> vs Tsarlatans | G99: {=INDEX(Data!$C:$C,MATCH(1,INDEX((Records!$B99=Data!$Q:$Q)*($A$90=Data!$A:$A),0,1),0))} -> 3rd place | I99: =RANK(B99,Data!$Q:$Q) -> 8 | K99: Salonika Devils | L99: =COUNTIF($D$93:$D$108,K99) -> 2
A100: PTS | B100: =_xlfn.MAXIFS(Data!$R:$R,Data!$A:$A,Records!$A$90) -> 882 | C100: =COUNTIFS(Data!$R:$R,Records!$B100,Data!$A:$A,Records!$A$90) -> 1 | D100: {=INDEX(Data!$E:$E,MATCH(1,INDEX((Records!$B100=Data!$R:$R)*($A$90=Data!$A:$A),0,1),0))} -> Salonika Devils | E100: {=INDEX(Data!$K:$K,MATCH(1,INDEX((Records!$B100=Data!$R:$R)*($A$90=Data!$A:$A),0,1),0))} -> vs purple fuzzy apache pirates | G100: {=INDEX(Data!$C:$C,MATCH(1,INDEX((Records!$B100=Data!$R:$R)*($A$90=Data!$A:$A),0,1),0))} -> 11 | I100: =RANK(B100,Data!$R:$R) -> 3 | K100: The Others | L100: =COUNTIF($D$93:$D$108,K100) -> 1
A101: OREB | B101: =_xlfn.MAXIFS(Data!$S:$S,Data!$A:$A,Records!$A$90) -> 80 | C101: =COUNTIFS(Data!$S:$S,Records!$B101,Data!$A:$A,Records!$A$90) -> 1 | D101: {=INDEX(Data!$E:$E,MATCH(1,INDEX((Records!$B101=Data!$S:$S)*($A$90=Data!$A:$A),0,1),0))} -> Steven Adams' Moustache | E101: {=INDEX(Data!$K:$K,MATCH(1,INDEX((Records!$B101=Data!$S:$S)*($A$90=Data!$A:$A),0,1),0))} -> vs Kourayo Vallecano | G101: {=INDEX(Data!$C:$C,MATCH(1,INDEX((Records!$B101=Data!$S:$S)*($A$90=Data!$A:$A),0,1),0))} -> Final | I101: =RANK(B101,Data!$S:$S) -> 10 | K101: Fighting Thaddeus | L101: =COUNTIF($D$93:$D$108,K101) -> 1
A102: DREB | B102: =_xlfn.MAXIFS(Data!$T:$T,Data!$A:$A,Records!$A$90) -> 245 | C102: =COUNTIFS(Data!$T:$T,Records!$B102,Data!$A:$A,Records!$A$90) -> 1 | D102: {=INDEX(Data!$E:$E,MATCH(1,INDEX((Records!$B102=Data!$T:$T)*($A$90=Data!$A:$A),0,1),0))} -> Steven Adams' Moustache | E102: {=INDEX(Data!$K:$K,MATCH(1,INDEX((Records!$B102=Data!$T:$T)*($A$90=Data!$A:$A),0,1),0))} -> vs Tsarlatans | G102: {=INDEX(Data!$C:$C,MATCH(1,INDEX((Records!$B102=Data!$T:$T)*($A$90=Data!$A:$A),0,1),0))} -> 11 | I102: =RANK(B102,Data!$T:$T) -> 1
A103: AST | B103: =_xlfn.MAXIFS(Data!$U:$U,Data!$A:$A,Records!$A$90) -> 209 | C103: =COUNTIFS(Data!$U:$U,Records!$B103,Data!$A:$A,Records!$A$90) -> 1 | D103: {=INDEX(Data!$E:$E,MATCH(1,INDEX((Records!$B103=Data!$U:$U)*($A$90=Data!$A:$A),0,1),0))} -> Steven Adams' Moustache | E103: {=INDEX(Data!$K:$K,MATCH(1,INDEX((Records!$B103=Data!$U:$U)*($A$90=Data!$A:$A),0,1),0))} -> vs Tsarlatans | G103: {=INDEX(Data!$C:$C,MATCH(1,INDEX((Records!$B103=Data!$U:$U)*($A$90=Data!$A:$A),0,1),0))} -> 11 | I103: =RANK(B103,Data!$U:$U) -> 5
A104: STL | B104: =_xlfn.MAXIFS(Data!$V:$V,Data!$A:$A,Records!$A$90) -> 57 | C104: =COUNTIFS(Data!$V:$V,Records!$B104,Data!$A:$A,Records!$A$90) -> 1 | D104: {=INDEX(Data!$E:$E,MATCH(1,INDEX((Records!$B104=Data!$V:$V)*($A$90=Data!$A:$A),0,1),0))} -> Salonika Devils | E104: {=INDEX(Data!$K:$K,MATCH(1,INDEX((Records!$B104=Data!$V:$V)*($A$90=Data!$A:$A),0,1),0))} -> vs purple fuzzy apache pirates | G104: {=INDEX(Data!$C:$C,MATCH(1,INDEX((Records!$B104=Data!$V:$V)*($A$90=Data!$A:$A),0,1),0))} -> 11 | I104: =RANK(B104,Data!$V:$V) -> 6
A105: BLK | B105: =_xlfn.MAXIFS(Data!$W:$W,Data!$A:$A,Records!$A$90) -> 42 | C105: =COUNTIFS(Data!$W:$W,Records!$B105,Data!$A:$A,Records!$A$90) -> 2 | D105: {=INDEX(Data!$E:$E,MATCH(1,INDEX((Records!$B105=Data!$W:$W)*($A$90=Data!$A:$A),0,1),0))} -> Guruuu 🐐🐐🐐 | E105: {=INDEX(Data!$K:$K,MATCH(1,INDEX((Records!$B105=Data!$W:$W)*($A$90=Data!$A:$A),0,1),0))} -> vs Donkey Rolls | G105: {=INDEX(Data!$C:$C,MATCH(1,INDEX((Records!$B105=Data!$W:$W)*($A$90=Data!$A:$A),0,1),0))} -> 3 | I105: =RANK(B105,Data!$W:$W) -> 5
D106: Steven Adams' Moustache | E106: vs Salonika Devils | G106: 14 | I106: =+I105 -> 5
A107: TO | B107: =_xlfn.MINIFS(Data!$X:$X,Data!$A:$A,Records!$A$90) -> 12 | C107: =COUNTIFS(Data!$X:$X,Records!$B107,Data!$A:$A,Records!$A$90) -> 1 | D107: {=INDEX(Data!$E:$E,MATCH(1,INDEX((Records!$B107=Data!$X:$X)*($A$90=Data!$A:$A),0,1),0))} -> The Others | E107: {=INDEX(Data!$K:$K,MATCH(1,INDEX((Records!$B107=Data!$X:$X)*($A$90=Data!$A:$A),0,1),0))} -> vs Baltimore Hercules | G107: {=INDEX(Data!$C:$C,MATCH(1,INDEX((Records!$B107=Data!$X:$X)*($A$90=Data!$A:$A),0,1),0))} -> 4 | I107: =RANK(B107,Data!$X:$X,1) -> 3
A108: A/TO | B108: =_xlfn.MAXIFS(Data!$Y:$Y,Data!$A:$A,Records!$A$90) -> 3.55 | C108: =COUNTIFS(Data!$Y:$Y,Records!$B108,Data!$A:$A,Records!$A$90) -> 1 | D108: {=INDEX(Data!$E:$E,MATCH(1,INDEX((Records!$B108=Data!$Y:$Y)*($A$90=Data!$A:$A),0,1),0))} -> Fighting Thaddeus | E108: {=INDEX(Data!$K:$K,MATCH(1,INDEX((Records!$B108=Data!$Y:$Y)*($A$90=Data!$A:$A),0,1),0))} -> vs The Guns | G108: {=INDEX(Data!$C:$C,MATCH(1,INDEX((Records!$B108=Data!$Y:$Y)*($A$90=Data!$A:$A),0,1),0))} -> 6 | I108: =RANK(B108,Data!$Y:$Y) -> 5
A110: 2022
...

Sheet Data
A1: Year | B1: Regular/ Playoffs | C1: Period | D1: Match No | E1: Team | F1: Manager | G1: Games Won | H1: W | I1: L | J1: D | K1: vs Opponent | L1: vs Manager | M1: FGM | N1: FG% | O1: 3PM | P1: 3P% | Q1: FT% | R1: PTS | S1: OREB | T1: DREB | U1: AST | V1: STL | W1: BLK | X1: TO | Y1: A/TO
A2: 2018 | B2: Regular | C2: 1 | D2: 1 | E2: The Others | F2: Miggianis | G2: =IF(H2+0.5*J2>6.5,1,0) -> 0 | H2: 5 | I2: 7 | J2: 1 | K2: vs The Bridgeburners | L2: vs Fanis | M2: 118 | N2: 0.411 | O2: 37 | P2: 0.346 | Q2: 0.866 | R2: 344 | S2: 25 | T2: 100 | U2: 77 | V2: 33 | W2: 16 | X2: 58 | Y2: 1.3275862
A3: 2018 | B3: Regular | C3: 1 | D3: 1 | E3: The Bridgeburners | F3: Fanis | G3: =IF(H3+0.5*J3>6.5,1,0) -> 1 | H3: 7 | I3: 5 | J3: 1 | K3: vs The Others | L3: vs Miggianis | M3: 121 | N3: 0.423 | O3: 38 | P3: 0.336 | Q3: 0.851 | R3: 354 | S3: 17 | T3: 105 | U3: 71 | V3: 20 | W3: 16 | X3: 52 | Y3: 1.3653846
A4: 2018 | B4: Regular | C4: 1 | D4: 2 | E4: Salonika Devils | F4: Fountos | G4: =IF(H4+0.5*J4>6.5,1,0) -> 1 | H4: 10 | I4: 3 | J4: 0 | K4: vs Samarina Dudenbros | L4: vs Sakellariou | M4: 127 | N4: 0.428 | O4: 28 | P4: 0.359 | Q4: 0.8 | R4: 358 | S4: 35 | T4: 110 | U4: 93 | V4: 26 | W4: 11 | X4: 51 | Y4: 1.8235294
A5: 2018 | B5: Regular | C5: 1 | D5: 2 | E5: Samarina Dudenbros | F5: Sakellariou | G5: =IF(H5+0.5*J5>6.5,1,0) -> 0 | H5: 3 | I5: 10 | J5: 0 | K5: vs Salonika Devils | L5: vs Fountos | M5: 106 | N5: 0.379 | O5: 40 | P5: 0.357 | Q5: 0.803 | R5: 301 | S5: 25 | T5: 89 | U5: 69 | V5: 20 | W5: 9 | X5: 47 | Y5: 1.4680851
A6: 2018 | B6: Regular | C6: 1 | D6: 3 | E6: Retsiniakos 21 | F6: Mpousaras | G6: =IF(H6+0.5*J6>6.5,1,0) -> 0 | H6: 2 | I6: 10 | J6: 1 | K6: vs Donkey Rolls | L6: vs Markos | M6: 104 | N6: 0.444 | O6: 20 | P6: 0.333 | Q6: 0.837 | R6: 264 | S6: 33 | T6: 83 | U6: 48 | V6: 17 | W6: 11 | X6: 37 | Y6: 1.2972973
A7: 2018 | B7: Regular | C7: 1 | D7: 3 | E7: Donkey Rolls | F7: Markos | G7: =IF(H7+0.5*J7>6.5,1,0) -> 1 | H7: 10 | I7: 2 | J7: 1 | K7: vs Retsiniakos 21 | L7: vs Mpousaras | M7: 105 | N7: 0.491 | O7: 25 | P7: 0.385 | Q7: 0.907 | R7: 274 | S7: 32 | T7: 97 | U7: 48 | V7: 12 | W7: 16 | X7: 29 | Y7: 1.6551724
A8: 2018 | B8: Regular | C8: 1 | D8: 4 | E8: Karafli SaiTa | F8: Tassos | G8: =IF(H8+0.5*J8>6.5,1,0) -> 1 | H8: 9 | I8: 4 | J8: 0 | K8: vs Steven Adams' Moustache | L8: vs Johnny | M8: 99 | N8: 0.493 | O8: 25 | P8: 0.431 | Q8: 0.877 | R8: 273 | S8: 15 | T8: 73 | U8: 57 | V8: 17 | W8: 9 | X8: 37 | Y8: 1.5405405
A9: 2018 | B9: Regular | C9: 1 | D9: 4 | E9: Steven Adams' Moustache | F9: Johnny | G9: =IF(H9+0.5*J9>6.5,1,0) -> 0 | H9: 4 | I9: 9 | J9: 0 | K9: vs Karafli SaiTa | L9: vs Tassos | M9: 98 | N9: 0.439 | O9: 18 | P9: 0.391 | Q9: 0.62 | R9: 245 | S9: 32 | T9: 91 | U9: 73 | V9: 13 | W9: 11 | X9: 49 | Y9: 1.4897959
A10: 2018 | B10: Regular | C10: 1 | D10: 5 | E10: Drogalo Mountain Goats | F10: Antoniou | G10: =IF(H10+0.5*J10>6.5,1,0) -> 1 | H10: 11 | I10: 2 | J10: 0 | K10: vs Kourayo Vallecano | L10: vs Ziogas/Christof | M10: 113 | N10: 0.448 | O10: 26 | P10: 0.361 | Q10: 0.838 | R10: 319 | S10: 29 | T10: 115 | U10: 57 | V10: 23 | W10: 15 | X10: 38 | Y10: 1.5
A11: 2018 | B11: Regular | C11: 1 | D11: 5 | E11: Kourayo Vallecano | F11: Ziogas/Christof | G11: =IF(H11+0.5*J11>6.5,1,0) -> 0 | H11: 2 | I11: 11 | J11: 0 | K11: vs Drogalo Mountain Goats | L11: vs Antoniou | M11: 95 | N11: 0.401 | O11: 18 | P11: 0.261 | Q11: 0.745 | R11: 281 | S11: 33 | T11: 103 | U11: 73 | V11: 12 | W11: 12 | X11: 49 | Y11: 1.4897959
A12: 2018 | B12: Regular | C12: 1 | D12: 6 | E12: Tsoko Marokana | F12: Lagios | G12: =IF(H12+0.5*J12>6.5,1,0) -> 1 | H12: 11 | I12: 2 | J12: 0 | K12: vs purple fuzzy apache pirates | L12: vs pi/Sotiris | M12: 151 | N12: 0.489 | O12: 28 | P12: 0.308 | Q12: 0.776 | R12: 396 | S12: 32 | T12: 123 | U12: 69 | V12: 29 | W12: 25 | X12: 54 | Y12: 1.2777778
A13: 2018 | B13: Regular | C13: 1 | D13: 6 | E13: purple fuzzy apache pirates | F13: pi/Sotiris | G13: =IF(H13+0.5*J13>6.5,1,0) -> 0 | H13: 2 | I13: 11 | J13: 0 | K13: vs Tsoko Marokana | L13: vs Lagios | M13: 107 | N13: 0.478 | O13: 20 | P13: 0.345 | Q13: 0.711 | R13: 288 | S13: 30 | T13: 82 | U13: 37 | V13: 17 | W13: 14 | X13: 29 | Y13: 1.2758621
... A381: 2018 | B381: Regular | C381: 19 | D381: 190 | E381: Retsiniakos 21 | F381: Mpousaras | G381: =IF(H381+0.5*J381>6.5,1,0) -> 0 | H381: 3 | I381: 10 | J381: 0 | K381: vs Fighting Thaddeus | L381: vs Stavros | M381: 178 | N381: 0.442 | O381: 37 | P381: 0.343 | Q381: 0.765 | R381: 468 | S381: 35 | T381: 118 | U381: 115 | V381: 25 | W381: 20 | X381: 70 | Y381: 1.6428571
A382: 2018 | B382: Playoffs | C382: Quarterfinals | D382: 191 | E382: The Bridgeburners | F382: Fanis | G382: =IF(H382+0.5*J382>6.5,1,0) -> 0 | H382: 6 | I382: 7 | J382: 0 | K382: vs Drogalo Mountain Goats | L382: vs Antoniou | M382: 137 | N382: 0.482 | O382: 38 | P382: 0.418 | Q382: 0.753 | R382: 373 | S382: 32 | T382: 134 | U382: 93 | V382: 36 | W382: 21 | X382: 43 | Y382: 2.1627907
A383: 2018 | B383: Playoffs | C383: Quarterfinals | D383: 191 | E383: Drogalo Mountain Goats | F383: Antoniou | G383: =IF(H383+0.5*J383>6.5,1,0) -> 1 | H383: 7 | I383: 6 | J383: 0 | K383: vs The Bridgeburners | L383: vs Fanis | M383: 147 | N383: 0.473 | O383: 39 | P383: 0.386 | Q383: 0.852 | R383: 385 | S383: 38 | T383: 129 | U383: 81 | V383: 23 | W383: 11 | X383: 37 | Y383: 2.1891892
A384: 2018 | B384: Playoffs | C384: Quarterfinals | D384: 192 | E384: Pachiana NinjaBees | F384: Spiridaus/Oladipas | G384: =IF(H384+0.5*J384>6.5,1,0) -> 1 | H384: 10 | I384: 3 | J384: 0 | K384: vs Salonika Devils | L384: vs Fountos | M384: 171 | N384: 0.46 | O384: 60 | P384: 0.382 | Q384: 0.837 | R384: 474 | S384: 34 | T384: 132 | U384: 113 | V384: 53 | W384: 29 | X384: 54 | Y384: 2.0925926
A385: 2018 | B385: Playoffs | C385: Quarterfinals | D385: 192 | E385: Salonika Devils | F385: Fountos | G385: =IF(H385+0.5*J385>6.5,1,0) -> 0 | H385: 3 | I385: 10 | J385: 0 | K385: vs Pachiana NinjaBees | L385: vs Spiridaus/Oladipas | M385: 152 | N385: 0.431 | O385: 48 | P385: 0.333 | Q385: 0.767 | R385: 421 | S385: 41 | T385: 147 | U385: 63 | V385: 27 | W385: 17 | X385: 47 | Y385: 1.3404255
A386: 2018 | B386: Playoffs | C386: Quarterfinals | D386: 193 | E386: Karafli SaiTa | F386: Tassos | G386: =IF(H386+0.5*J386>6.5,1,0) -> 1 | H386: 11 | I386: 2 | J386: 0 | K386: vs Samarina Dudenbros | L386: vs Sakellariou | M386: 207 | N386: 0.48 | O386: 59 | P386: 0.401 | Q386: 0.657 | R386: 542 | S386: 38 | T386: 139 | U386: 136 | V386: 36 | W386: 33 | X386: 76 | Y386: 1.7894737
A387: 2018 | B387: Playoffs | C387: Quarterfinals | D387: 193 | E387: Samarina Dudenbros | F387: Sakellariou | G387: =IF(H387+0.5*J387>6.5,1,0) -> 0 | H387: 2 | I387: 11 | J387: 0 | K387: vs Karafli SaiTa | L387: vs Tassos | M387: 168 | N387: 0.467 | O387: 45 | P387: 0.357 | Q387: 0.739 | R387: 449 | S387: 31 | T387: 98 | U387: 69 | V387: 26 | W387: 10 | X387: 50 | Y387: 1.38
A388: 2018 | B388: Playoffs | C388: Quarterfinals | D388: 194 | E388: Fighting Thaddeus | F388: Stavros | G388: =IF(H388+0.5*J388>6.5,1,0) -> 0 | H388: 5 | I388: 7 | J388: 1 | K388: vs st.Helens Eruptions | L388: vs Aris | M388: 154 | N388: 0.475 | O388: 46 | P388: 0.43 | Q388: 0.737 | R388: 427 | S388: 37 | T388: 171 | U388: 100 | V388: 28 | W388: 22 | X388: 65 | Y388: 1.5384615
A389: 2018 | B389: Playoffs | C389: Quarterfinals | D389: 194 | E389: st.Helens Eruptions | F389: Aris | G389: =IF(H389+0.5*J389>6.5,1,0) -> 1 | H389: 7 | I389: 5 | J389: 1 | K389: vs Fighting Thaddeus | L389: vs Stavros | M389: 167 | N389: 0.499 | O389: 42 | P389: 0.424 | Q389: 0.802 | R389: 445 | S389: 37 | T389: 129 | U389: 120 | V389: 22 | W389: 20 | X389: 55 | Y389: 2.1818182
A390: 2018 | B390: Playoffs | C390: Semifinals | D390: 195 | E390: Karafli SaiTa | F390: Tassos | G390: =IF(H390+0.5*J390>6.5,1,0) -> 1 | H390: 8 | I390: 5 | J390: 0 | K390: vs Pachiana NinjaBees | L390: vs Spiridaus/Oladipas | M390: 179 | N390: 0.465 | O390: 40 | P390: 0.342 | Q390: 0.674 | R390: 458 | S390: 46 | T390: 121 | U390: 108 | V390: 35 | W390: 31 | X390: 59 | Y390: 1.8305085
A391: 2018 | B391: Playoffs | C391: Semifinals | D391: 195 | E391: Pachiana NinjaBees | F391: Spiridaus/Oladipas | G391: =IF(H391+0.5*J391>6.5,1,0) -> 0 | H391: 5 | I391: 8 | J391: 0 | K391: vs Karafli SaiTa | L391: vs Tassos | M391: 149 | N391: 0.453 | O391: 45 | P391: 0.366 | Q391: 0.833 | R391: 403 | S391: 32 | T391: 152 | U391: 81 | V391: 23 | W391: 18 | X391: 47 | Y391: 1.7234043
A392: 2018 | B392: Playoffs | C392: Semifinals | D392: 196 | E392: st.Helens Eruptions | F392: Aris | G392: =IF(H392+0.5*J392>6.5,1,0) -> 0 | H392: 6 | I392: 7 | J392: 0 | K392: vs Drogalo Mountain Goats | L392: vs Antoniou | M392: 129 | N392: 0.442 | O392: 18 | P392: 0.3 | Q392: 0.693 | R392: 328 | S392: 59 | T392: 121 | U392: 137 | V392: 33 | W392: 20 | X392: 57 | Y392: 2.4035088
A393: 2018 | B393: Playoffs | C393: Semifinals | D393: 196 | E393: Drogalo Mountain Goats | F393: Antoniou | G393: =IF(H393+0.5*J393>6.5,1,0) -> 1 | H393: 7 | I393: 6 | J393: 0 | K393: vs st.Helens Eruptions | L393: vs Aris | M393: 137 | N393: 0.495 | O393: 33 | P393: 0.5 | Q393: 0.824 | R393: 368 | S393: 35 | T393: 106 | U393: 77 | V393: 26 | W393: 11 | X393: 47 | Y393: 1.6382979
... A397: 2018 | B397: Playoffs | C397: 3rd place | D397: 198 | E397: Pachiana NinjaBees | F397: Spiridaus/Oladipas | G397: =IF(H397+0.5*J397>6.5,1,0) -> 1 | H397: 8 | I397: 5 | J397: 0 | K397: vs st.Helens Eruptions | L397: vs Aris | M397: 179 | N397: 0.489 | O397: 71 | P397: 0.461 | Q397: 0.814 | R397: 499 | S397: 24 | T397: 148 | U397: 92 | V397: 25 | W397: 20 | X397: 49 | Y397: 1.877551
A398: 2019 | B398: Regular | C398: 1 | D398: 1 | E398: The Bridgeburners | F398: Fanis | G398: =IF(H398+0.5*J398>6.5,1,0) -> 1 | H398: 9 | I398: 4 | J398: 0 | K398: vs The Others | L398: vs Miggianis | M398: 127 | N398: 0.506 | O398: 48 | P398: 0.466 | Q398: 0.761 | R398: 337 | S398: 26 | T398: 108 | U398: 76 | V398: 23 | W398: 10 | X398: 41 | Y398: 1.8536585
A399: 2019 | B399: Regular | C399: 1 | D399: 1 | E399: The Others | F399: Miggianis | G399: =IF(H399+0.5*J399>6.5,1,0) -> 0 | H399: 4 | I399: 9 | J399: 0 | K399: vs The Bridgeburners | L399: vs Fanis | M399: 81 | N399: 0.438 | O399: 27 | P399: 0.409 | Q399: 0.804 | R399: 234 | S399: 14 | T399: 75 | U399: 60 | V399: 18 | W399: 12 | X399: 31 | Y399: 1.9354839
A400: 2019 | B400: Regular | C400: 1 | D400: 2 | E400: Salonika Devils | F400: Fountos | G400: =IF(H400+0.5*J400>6.5,1,0) -> 1 | H400: 9 | I400: 4 | J400: 0 | K400: vs Samarina Dudenbros | L400: vs Sakellariou | M400: 153 | N400: 0.502 | O400: 40 | P400: 0.476 | Q400: 0.733 | R400: 409 | S400: 43 | T400: 83 | U400: 61 | V400: 26 | W400: 12 | X400: 27 | Y400: 2.2592593
A401: 2019 | B401: Regular | C401: 1 | D401: 2 | E401: Samarina Dudenbros | F401: Sakellariou | G401: =IF(H401+0.5*J401>6.5,1,0) -> 0 | H401: 4 | I401: 9 | J401: 0 | K401: vs Salonika Devils | L401: vs Fountos | M401: 125 | N401: 0.406 | O401: 31 | P401: 0.307 | Q401: 0.877 | R401: 352 | S401: 27 | T401: 122 | U401: 72 | V401: 19 | W401: 13 | X401: 47 | Y401: 1.5319149
A402: 2019 | B402: Regular | C402: 1 | D402: 3 | E402: Donkey Rolls | F402: Markos | G402: =IF(H402+0.5*J402>6.5,1,0) -> 1 | H402: 9 | I402: 4 | J402: 0 | K402: vs Retsiniakos 21 | L402: vs Mpousaras | M402: 137 | N402: 0.431 | O402: 42 | P402: 0.353 | Q402: 0.772 | R402: 377 | S402: 28 | T402: 109 | U402: 78 | V402: 16 | W402: 18 | X402: 37 | Y402: 2.1081081
A403: 2019 | B403: Regular | C403: 1 | D403: 3 | E403: Retsiniakos 21 | F403: Mpousaras | G403: =IF(H403+0.5*J403>6.5,1,0) -> 0 | H403: 4 | I403: 9 | J403: 0 | K403: vs Donkey Rolls | L403: vs Markos | M403: 103 | N403: 0.436 | O403: 24 | P403: 0.329 | Q403: 0.813 | R403: 269 | S403: 31 | T403: 80 | U403: 64 | V403: 14 | W403: 8 | X403: 31 | Y403: 2.0645161
A404: 2019 | B404: Regular | C404: 1 | D404: 4 | E404: Karafli SaiTa | F404: Tassos | G404: =IF(H404+0.5*J404>6.5,1,0) -> 0 | H404: 5 | I404: 8 | J404: 0 | K404: vs Steven Adams' Moustache | L404: vs Johnny | M404: 161 | N404: 0.436 | O404: 37 | P404: 0.291 | Q404: 0.75 | R404: 434 | S404: 38 | T404: 123 | U404: 70 | V404: 33 | W404: 20 | X404: 49 | Y404: 1.4285714
A405: 2019 | B405: Regular | C405: 1 | D405: 4 | E405: Steven Adams' Moustache | F405: Johnny | G405: =IF(H405+0.5*J405>6.5,1,0) -> 1 | H405: 8 | I405: 5 | J405: 0 | K405: vs Karafli SaiTa | L405: vs Tassos | M405: 136 | N405: 0.504 | O405: 24 | P405: 0.333 | Q405: 0.792 | R405: 391 | S405: 51 | T405: 124 | U405: 92 | V405: 24 | W405: 21 | X405: 52 | Y405: 1.7692308
A406: 2019 | B406: Regular | C406: 1 | D406: 5 | E406: Kourayo Vallecano | F406: Ziogas/Christof | G406: =IF(H406+0.5*J406>6.5,1,0) -> 1 | H406: 7 | I406: 6 | J406: 0 | K406: vs Drogalo Mountain Goats | L406: vs Antoniou | M406: 121 | N406: 0.451 | O406: 25 | P406: 0.301 | Q406: 0.692 | R406: 330 | S406: 27 | T406: 127 | U406: 53 | V406: 25 | W406: 24 | X406: 56 | Y406: 0.94642857
A407: 2019 | B407: Regular | C407: 1 | D407: 5 | E407: Drogalo Mountain Goats | F407: Antoniou | G407: =IF(H407+0.5*J407>6.5,1,0) -> 0 | H407: 6 | I407: 7 | J407: 0 | K407: vs Kourayo Vallecano | L407: vs Ziogas/Christof | M407: 100 | N407: 0.463 | O407: 33 | P407: 0.418 | Q407: 0.833 | R407: 273 | S407: 24 | T407: 85 | U407: 51 | V407: 13 | W407: 16 | X407: 39 | Y407: 1.3076923
A408: 2019 | B408: Regular | C408: 1 | D408: 6 | E408: purple fuzzy apache pirates | F408: pi/Sotiris | G408: =IF(H408+0.5*J408>6.5,1,0) -> 1 | H408: 9 | I408: 4 | J408: 0 | K408: vs Tsoko Marokana | L408: vs Lagios | M408: 148 | N408: 0.521 | O408: 34 | P408: 0.374 | Q408: 0.827 | R408: 392 | S408: 24 | T408: 129 | U408: 54 | V408: 17 | W408: 21 | X408: 57 | Y408: 0.94736842
A409: 2019 | B409: Regular | C409: 1 | D409: 6 | E409: Tsoko Marokana | F409: Lagios | G409: =IF(H409+0.5*J409>6.5,1,0) -> 0 | H409: 4 | I409: 9 | J409: 0 | K409: vs purple fuzzy apache pirates | L409: vs pi/Sotiris | M409: 116 | N409: 0.425 | O409: 26 | P409: 0.302 | Q409: 0.77 | R409: 325 | S409: 46 | T409: 111 | U409: 95 | V409: 14 | W409: 9 | X409: 55 | Y409: 1.7272727
... A777: 2019 | B777: Regular | C777: 19 | D777: 190 | E777: Fighting Thaddeus | F777: Stavros | G777: =IF(H777+0.5*J777>6.5,1,0) -> 1 | H777: 8 | I777: 5 | J777: 0 | K777: vs Retsiniakos 21 | L777: vs Mpousaras | M777: 180 | N777: 0.446 | O777: 45 | P777: 0.319 | Q777: 0.86 | R777: 534 | S777: 39 | T777: 120 | U777: 128 | V777: 29 | W777: 19 | X777: 60 | Y777: 2.13
A778: 2019 | B778: Playoffs | C778: Quarterfinals | D778: 191 | E778: Donkey Rolls | F778: Markos | G778: =IF(H778+0.5*J778>6.5,1,0) -> 0 | H778: 5 | I778: 8 | J778: 0 | K778: vs The Bridgeburners | L778: vs Fanis | M778: 143 | N778: 0.478 | O778: 41 | P778: 0.342 | Q778: 0.738 | R778: 389 | S778: 28 | T778: 120 | U778: 94 | V778: 35 | W778: 10 | X778: 48 | Y778: 1.96
A779: 2019 | B779: Playoffs | C779: Quarterfinals | D779: 191 | E779: The Bridgeburners | F779: Fanis | G779: =IF(H779+0.5*J779>6.5,1,0) -> 1 | H779: 8 | I779: 5 | J779: 0 | K779: vs Donkey Rolls | L779: vs Markos | M779: 168 | N779: 0.481 | O779: 37 | P779: 0.306 | Q779: 0.736 | R779: 462 | S779: 56 | T779: 191 | U779: 136 | V779: 30 | W779: 40 | X779: 66 | Y779: 2.06
A780: 2019 | B780: Playoffs | C780: Quarterfinals | D780: 192 | E780: Karafli SaiTa | F780: Tassos | G780: =IF(H780+0.5*J780>6.5,1,0) -> 0 | H780: 5 | I780: 8 | J780: 0 | K780: vs Kourayo Vallecano | L780: vs Ziogas/Christof | M780: 179 | N780: 0.443 | O780: 46 | P780: 0.343 | Q780: 0.764 | R780: 488 | S780: 60 | T780: 130 | U780: 87 | V780: 36 | W780: 22 | X780: 60 | Y780: 1.45
A781: 2019 | B781: Playoffs | C781: Quarterfinals | D781: 192 | E781: Kourayo Vallecano | F781: Ziogas/Christof | G781: =IF(H781+0.5*J781>6.5,1,0) -> 1 | H781: 8 | I781: 5 | J781: 0 | K781: vs Karafli SaiTa | L781: vs Tassos | M781: 211 | N781: 0.534 | O781: 39 | P781: 0.375 | Q781: 0.612 | R781: 540 | S781: 46 | T781: 166 | U781: 104 | V781: 26 | W781: 28 | X781: 63 | Y781: 1.65
A782: 2019 | B782: Playoffs | C782: Quarterfinals | D782: 193 | E782: The Guns | F782: Vasilis | G782: =IF(H782+0.5*J782>6.5,1,0) -> 0 | H782: 6 | I782: 7 | J782: 0 | K782: vs Pachiana NinjaBees | L782: vs Spiridaus/Oladipas | M782: 166 | N782: 0.449 | O782: 34 | P782: 0.318 | Q782: 0.839 | R782: 444 | S782: 36 | T782: 157 | U782: 111 | V782: 38 | W782: 24 | X782: 54 | Y782: 2.06
A783: 2019 | B783: Playoffs | C783: Quarterfinals | D783: 193 | E783: Pachiana NinjaBees | F783: Spiridaus/Oladipas | G783: =IF(H783+0.5*J783>6.5,1,0) -> 1 | H783: 7 | I783: 6 | J783: 0 | K783: vs The Guns | L783: vs Vasilis | M783: 120 | N783: 0.456 | O783: 48 | P783: 0.421 | Q783: 0.818 | R783: 342 | S783: 46 | T783: 123 | U783: 83 | V783: 28 | W783: 29 | X783: 37 | Y783: 2.24
A784: 2019 | B784: Playoffs | C784: Quarterfinals | D784: 194 | E784: Steven Adams' Moustache | F784: Johnny | G784: =IF(H784+0.5*J784>6.5,1,0) -> 1 | H784: 7 | I784: 6 | J784: 0 | K784: vs purple fuzzy apache pirates | L784: vs pi/Sotiris | M784: 196 | N784: 0.462 | O784: 59 | P784: 0.366 | Q784: 0.744 | R784: 544 | S784: 36 | T784: 174 | U784: 99 | V784: 32 | W784: 12 | X784: 61 | Y784: 1.62
A785: 2019 | B785: Playoffs | C785: Quarterfinals | D785: 194 | E785: purple fuzzy apache pirates | F785: pi/Sotiris | G785: =IF(H785+0.5*J785>6.5,1,0) -> 0 | H785: 6 | I785: 7 | J785: 0 | K785: vs Steven Adams' Moustache | L785: vs Johnny | M785: 182 | N785: 0.473 | O785: 40 | P785: 0.345 | Q785: 0.775 | R785: 473 | S785: 38 | T785: 141 | U785: 94 | V785: 29 | W785: 29 | X785: 52 | Y785: 1.81
A786: 2019 | B786: Playoffs | C786: Semifinals | D786: 195 | E786: The Bridgeburners | F786: Fanis | G786: =IF(H786+0.5*J786>6.5,1,0) -> 1 | H786: 8 | I786: 5 | J786: 0 | K786: vs Steven Adams' Moustache | L786: vs Johnny | M786: 154 | N786: 0.465 | O786: 35 | P786: 0.34 | Q786: 0.78 | R786: 421 | S786: 66 | T786: 144 | U786: 135 | V786: 33 | W786: 20 | X786: 56 | Y786: 2.41
A787: 2019 | B787: Playoffs | C787: Semifinals | D787: 195 | E787: Steven Adams' Moustache | F787: Johnny | G787: =IF(H787+0.5*J787>6.5,1,0) -> 0 | H787: 5 | I787: 8 | J787: 0 | K787: vs The Bridgeburners | L787: vs Fanis | M787: 178 | N787: 0.454 | O787: 48 | P787: 0.369 | Q787: 0.709 | R787: 482 | S787: 41 | T787: 147 | U787: 121 | V787: 30 | W787: 19 | X787: 75 | Y787: 1.61
A788: 2019 | B788: Playoffs | C788: Semifinals | D788: 196 | E788: Pachiana NinjaBees | F788: Spiridaus/Oladipas | G788: =IF(H788+0.5*J788>6.5,1,0) -> 1 | H788: 8 | I788: 5 | J788: 0 | K788: vs Kourayo Vallecano | L788: vs Ziogas/Christof | M788: 130 | N788: 0.43 | O788: 36 | P788: 0.3 | Q788: 0.763 | R788: 341 | S788: 52 | T788: 140 | U788: 88 | V788: 49 | W788: 29 | X788: 33 | Y788: 2.67
A789: 2019 | B789: Playoffs | C789: Semifinals | D789: 196 | E789: Kourayo Vallecano | F789: Ziogas/Christof | G789: =IF(H789+0.5*J789>6.5,1,0) -> 0 | H789: 5 | I789: 8 | J789: 0 | K789: vs Pachiana NinjaBees | L789: vs Spiridaus/Oladipas | M789: 162 | N789: 0.508 | O789: 23 | P789: 0.338 | Q789: 0.683 | R789: 431 | S789: 43 | T789: 139 | U789: 93 | V789: 25 | W789: 26 | X789: 62 | Y789: 1.5
... A793: 2019 | B793: Playoffs | C793: 3rd place | D793: 198 | E793: Steven Adams' Moustache | F793: Johnny | G793: =IF(H793+0.5*J793>6.5,1,0) -> 0 | H793: 6 | I793: 7 | J793: 0 | K793: vs Kourayo Vallecano | L793: vs Ziogas/Christof | M793: 156 | N793: 0.422 | O793: 49 | P793: 0.368 | Q793: 0.789 | R793: 432 | S793: 49 | T793: 163 | U793: 134 | V793: 25 | W793: 21 | X793: 52 | Y793: 2.58
A794: 2020 | B794: Regular | C794: 1 | D794: 1 | E794: The Bridgeburners | F794: Fanis | G794: =IF(H794+0.5*J794>6.5,1,0) -> 1 | H794: 9 | I794: 3 | J794: 1 | K794: vs Steven Adams' Moustache | L794: vs Johnny | M794: 135 | N794: 0.49270073 | O794: 45 | P794: 0.39130435 | Q794: 0.69662921 | R794: 377 | S794: 35 | T794: 142 | U794: 68 | V794: 37 | W794: 20 | X794: 48 | Y794: 1.4166667
A795: 2020 | B795: Regular | C795: 1 | D795: 1 | E795: Steven Adams' Moustache | F795: Johnny | G795: =IF(H795+0.5*J795>6.5,1,0) -> 0 | H795: 3 | I795: 9 | J795: 1 | K795: vs The Bridgeburners | L795: vs Fanis | M795: 133 | N795: 0.45238095 | O795: 38 | P795: 0.33333333 | Q795: 0.79824561 | R795: 395 | S795: 29 | T795: 142 | U795: 83 | V795: 21 | W795: 13 | X795: 67 | Y795: 1.238806
A796: 2020 | B796: Regular | C796: 1 | D796: 2 | E796: Pachiana NinjaBees | F796: Spiridaus/Oladipas | G796: =IF(H796+0.5*J796>6.5,1,0) -> 1 | H796: 8 | I796: 4 | J796: 1 | K796: vs Salonika Devils | L796: vs Fountos | M796: 136 | N796: 0.43312102 | O796: 40 | P796: 0.32786885 | Q796: 0.81904762 | R796: 398 | S796: 28 | T796: 133 | U796: 80 | V796: 30 | W796: 29 | X796: 55 | Y796: 1.4545455
A797: 2020 | B797: Regular | C797: 1 | D797: 2 | E797: Salonika Devils | F797: Fountos | G797: =IF(H797+0.5*J797>6.5,1,0) -> 0 | H797: 4 | I797: 8 | J797: 1 | K797: vs Pachiana NinjaBees | L797: vs Spiridaus/Oladipas | M797: 106 | N797: 0.44915254 | O797: 35 | P797: 0.38461538 | Q797: 0.74390244 | R797: 308 | S797: 28 | T797: 129 | U797: 56 | V797: 18 | W797: 18 | X797: 37 | Y797: 1.5135135
A798: 2020 | B798: Regular | C798: 1 | D798: 3 | E798: Guruuu 🐐🐐🐐 | F798: Guru | G798: =IF(H798+0.5*J798>6.5,1,0) -> 1 | H798: 9 | I798: 4 | J798: 0 | K798: vs Donkey Rolls | L798: vs Markos | M798: 104 | N798: 0.46636771 | O798: 32 | P798: 0.43243243 | Q798: 0.77142857 | R798: 267 | S798: 26 | T798: 92 | U798: 36 | V798: 17 | W798: 12 | X798: 31 | Y798: 1.1612903
A799: 2020 | B799: Regular | C799: 1 | D799: 3 | E799: Donkey Rolls | F799: Markos | G799: =IF(H799+0.5*J799>6.5,1,0) -> 0 | H799: 4 | I799: 9 | J799: 0 | K799: vs Guruuu 🐐🐐🐐 | L799: vs Panos | M799: 73 | N799: 0.44785276 | O799: 16 | P799: 0.35555556 | Q799: 0.65957447 | R799: 193 | S799: 29 | T799: 75 | U799: 54 | V799: 9 | W799: 11 | X799: 25 | Y799: 2.16
A800: 2020 | B800: Regular | C800: 1 | D800: 4 | E800: Karafli SaiTa | F800: Tassos | G800: =IF(H800+0.5*J800>6.5,1,0) -> 0 | H800: 5 | I800: 8 | J800: 0 | K800: vs Underdogs | L800: vs Nonis | M800: 127 | N800: 0.43793103 | O800: 23 | P800: 0.25274725 | Q800: 0.79381443 | R800: 354 | S800: 31 | T800: 100 | U800: 90 | V800: 29 | W800: 24 | X800: 46 | Y800: 1.9565217
A801: 2020 | B801: Regular | C801: 1 | D801: 4 | E801: Underdogs | F801: Nonis | G801: =IF(H801+0.5*J801>6.5,1,0) -> 1 | H801: 8 | I801: 5 | J801: 0 | K801: vs Karafli SaiTa | L801: vs Tassos | M801: 158 | N801: 0.45272206 | O801: 46 | P801: 0.34328358 | Q801: 0.73584906 | R801: 440 | S801: 44 | T801: 128 | U801: 96 | V801: 25 | W801: 16 | X801: 59 | Y801: 1.6271186
A802: 2020 | B802: Regular | C802: 1 | D802: 5 | E802: Kourayo Vallecano | F802: Ziogas/Christof | G802: =IF(H802+0.5*J802>6.5,1,0) -> 1 | H802: 7 | I802: 5 | J802: 1 | K802: vs Samarina Dudenbros | L802: vs Sakellariou | M802: 115 | N802: 0.48728814 | O802: 27 | P802: 0.47368421 | Q802: 0.81333333 | R802: 318 | S802: 25 | T802: 109 | U802: 78 | V802: 16 | W802: 11 | X802: 52 | Y802: 1.5
A803: 2020 | B803: Regular | C803: 1 | D803: 5 | E803: Samarina Dudenbros | F803: Sakellariou | G803: =IF(H803+0.5*J803>6.5,1,0) -> 0 | H803: 5 | I803: 7 | J803: 1 | K803: vs Kourayo Vallecano | L803: vs Ziogas/Christof | M803: 139 | N803: 0.49642857 | O803: 32 | P803: 0.33684211 | Q803: 0.78409091 | R803: 379 | S803: 21 | T803: 65 | U803: 54 | V803: 16 | W803: 7 | X803: 48 | Y803: 1.125
A804: 2020 | B804: Regular | C804: 1 | D804: 6 | E804: The Guns | F804: Vasilis | G804: =IF(H804+0.5*J804>6.5,1,0) -> 0 | H804: 4 | I804: 7 | J804: 2 | K804: vs purple fuzzy apache pirates | L804: vs pi/Sotiris | M804: 121 | N804: 0.47826087 | O804: 21 | P804: 0.27272727 | Q804: 0.73611111 | R804: 316 | S804: 36 | T804: 112 | U804: 79 | V804: 26 | W804: 12 | X804: 51 | Y804: 1.5490196
A805: 2020 | B805: Regular | C805: 1 | D805: 6 | E805: purple fuzzy apache pirates | F805: pi/Sotiris | G805: =IF(H805+0.5*J805>6.5,1,0) -> 1 | H805: 7 | I805: 4 | J805: 2 | K805: vs The Guns | L805: vs Vasilis | M805: 165 | N805: 0.4532967 | O805: 48 | P805: 0.40677966 | Q805: 0.77876106 | R805: 466 | S805: 36 | T805: 129 | U805: 79 | V805: 24 | W805: 22 | X805: 68 | Y805: 1.1617647
... A1413: 2021 | B1413: Regular | C1413: 12 | D1413: 120 | E1413: Karafli SaiTa | F1413: Tassos | G1413: =IF(H1413+0.5*J1413>6.5,1,0) -> 0 | H1413: 2 | I1413: 11 | J1413: 0 | K1413: vs Fighting Thaddeus | L1413: vs Stavros | M1413: 193 | N1413: 0.46 | O1413: 31 | P1413: 0.248 | Q1413: 0.711 | R1413: 498 | S1413: 36 | T1413: 121 | U1413: 92 | V1413: 25 | W1413: 20 | X1413: 66 | Y1413: 1.39
A1414: 2021 | B1414: Regular | C1414: 13 | D1414: =+D1413+1 -> 121 | E1414: Pachiana NinjaBees | F1414: Spiridaus/Oladipas | G1414: =IF(H1414+0.5*J1414>6.5,1,0) -> 0 | H1414: 6 | I1414: 6 | J1414: 1 | K1414: ="vs "&E1415 -> vs st.Helens Eruptions | L1414: ="vs "&F1415 -> vs Aris | M1414: 157 | N1414: 0.452 | O1414: 47 | P1414: 0.346 | Q1414: 0.816 | R1414: 445 | S1414: 39 | T1414: 160 | U1414: 88 | V1414: 22 | W1414: 18 | X1414: 46 | Y1414: 1.91
A1415: 2021 | B1415: Regular | C1415: 13 | D1415: =+D1414 -> 121 | E1415: st.Helens Eruptions | F1415: Aris | G1415: =IF(H1415+0.5*J1415>6.5,1,0) -> 0 | H1415: 6 | I1415: 6 | J1415: 1 | K1415: ="vs "&E1414 -> vs Pachiana NinjaBees | L1415: ="vs "&F1414 -> vs Spiridaus/Oladipas | M1415: 137 | N1415: 0.493 | O1415: 47 | P1415: 0.416 | Q1415: 0.857 | R1415: 363 | S1415: 20 | T1415: 114 | U1415: 85 | V1415: 35 | W1415: 13 | X1415: 34 | Y1415: 2.5
A1416: 2021 | B1416: Regular | C1416: 13 | D1416: =+D1415+1 -> 122 | E1416: Knights of Ni | F1416: Tolios | G1416: =IF(H1416+0.5*J1416>6.5,1,0) -> 0 | H1416: 6 | I1416: 7 | J1416: 0 | K1416: ="vs "&E1417 -> vs Salonika Devils | L1416: ="vs "&F1417 -> vs Fountos | M1416: 158 | N1416: 0.44 | O1416: 39 | P1416: 0.345 | Q1416: 0.815 | R1416: 452 | S1416: 69 | T1416: 171 | U1416: 123 | V1416: 32 | W1416: 19 | X1416: 67 | Y1416: 1.84
A1417: 2021 | B1417: Regular | C1417: 13 | D1417: =+D1416 -> 122 | E1417: Salonika Devils | F1417: Fountos | G1417: =IF(H1417+0.5*J1417>6.5,1,0) -> 1 | H1417: 7 | I1417: 6 | J1417: 0 | K1417: ="vs "&E1416 -> vs Knights of Ni | L1417: ="vs "&F1416 -> vs Tolios | M1417: 200 | N1417: 0.476 | O1417: 45 | P1417: 0.369 | Q1417: 0.792 | R1417: 506 | S1417: 28 | T1417: 104 | U1417: 104 | V1417: 31 | W1417: 15 | X1417: 43 | Y1417: 2.42
A1418: 2021 | B1418: Regular | C1418: 13 | D1418: =+D1417+1 -> 123 | E1418: Tsarlatans | F1418: Tzokos | G1418: =IF(H1418+0.5*J1418>6.5,1,0) -> 1 | H1418: 9 | I1418: 4 | J1418: 0 | K1418: ="vs "&E1419 -> vs Donkey Rolls | L1418: ="vs "&F1419 -> vs Markos | M1418: 235 | N1418: 0.481 | O1418: 86 | P1418: 0.389 | Q1418: 0.757 | R1418: 659 | S1418: 36 | T1418: 151 | U1418: 110 | V1418: 29 | W1418: 19 | X1418: 73 | Y1418: 1.51
A1419: 2021 | B1419: Regular | C1419: 13 | D1419: =+D1418 -> 123 | E1419: Donkey Rolls | F1419: Markos | G1419: =IF(H1419+0.5*J1419>6.5,1,0) -> 0 | H1419: 4 | I1419: 9 | J1419: 0 | K1419: ="vs "&E1418 -> vs Tsarlatans | L1419: ="vs "&F1418 -> vs Tzokos | M1419: 150 | N1419: 0.435 | O1419: 41 | P1419: 0.328 | Q1419: 0.62 | R1419: 385 | S1419: 39 | T1419: 139 | U1419: 85 | V1419: 25 | W1419: 30 | X1419: 54 | Y1419: 1.57
A1420: 2021 | B1420: Regular | C1420: 13 | D1420: =+D1419+1 -> 124 | E1420: Steven Adams' Moustache | F1420: Johnny | G1420: =IF(H1420+0.5*J1420>6.5,1,0) -> 1 | H1420: 8 | I1420: 5 | J1420: 0 | K1420: ="vs "&E1421 -> vs purple fuzzy apache pirates | L1420: ="vs "&F1421 -> vs pi/Sotiris | M1420: 258 | N1420: 0.486 | O1420: 58 | P1420: 0.356 | Q1420: 0.787 | R1420: 648 | S1420: 59 | T1420: 203 | U1420: 157 | V1420: 32 | W1420: 27 | X1420: 76 | Y1420: 2.07
A1421: 2021 | B1421: Regular | C1421: 13 | D1421: =+D1420 -> 124 | E1421: purple fuzzy apache pirates | F1421: pi/Sotiris | G1421: =IF(H1421+0.5*J1421>6.5,1,0) -> 0 | H1421: 5 | I1421: 8 | J1421: 0 | K1421: ="vs "&E1420 -> vs Steven Adams' Moustache | L1421: ="vs "&F1420 -> vs Johnny | M1421: 227 | N1421: 0.477 | O1421: 68 | P1421: 0.389 | Q1421: 0.842 | R1421: 586 | S1421: 45 | T1421: 168 | U1421: 103 | V1421: 21 | W1421: 25 | X1421: 48 | Y1421: 2.15
A1422: 2021 | B1422: Regular | C1422: 13 | D1422: =+D1421+1 -> 125 | E1422: Underdogs | F1422: Nonis | G1422: =IF(H1422+0.5*J1422>6.5,1,0) -> 0 | H1422: 6 | I1422: 7 | J1422: 0 | K1422: ="vs "&E1423 -> vs The Others | L1422: ="vs "&F1423 -> vs Miggianis | M1422: 180 | N1422: 0.414 | O1422: 46 | P1422: 0.309 | Q1422: 0.816 | R1422: 499 | S1422: 27 | T1422: 130 | U1422: 162 | V1422: 23 | W1422: 12 | X1422: 79 | Y1422: 2.05
A1423: 2021 | B1423: Regular | C1423: 13 | D1423: =+D1422 -> 125 | E1423: The Others | F1423: Miggianis | G1423: =IF(H1423+0.5*J1423>6.5,1,0) -> 1 | H1423: 7 | I1423: 6 | J1423: 0 | K1423: ="vs "&E1422 -> vs Underdogs | L1423: ="vs "&F1422 -> vs Nonis | M1423: 134 | N1423: 0.502 | O1423: 44 | P1423: 0.407 | Q1423: 0.738 | R1423: 343 | S1423: 28 | T1423: 94 | U1423: 74 | V1423: 34 | W1423: 14 | X1423: 32 | Y1423: 2.31
A1424: 2021 | B1424: Regular | C1424: 13 | D1424: =+D1423+1 -> 126 | E1424: The Guns | F1424: Vasilis | G1424: =IF(H1424+0.5*J1424>6.5,1,0) -> 0 | H1424: 6 | I1424: 7 | J1424: 0 | K1424: ="vs "&E1425 -> vs Samarina Dudenbros | L1424: ="vs "&F1425 -> vs Sakellariou | M1424: 205 | N1424: 0.446 | O1424: 57 | P1424: 0.339 | Q1424: 0.754 | R1424: 571 | S1424: 38 | T1424: 161 | U1424: 137 | V1424: 32 | W1424: 25 | X1424: 71 | Y1424: 1.93
A1425: 2021 | B1425: Regular | C1425: 13 | D1425: =+D1424 -> 126 | E1425: Samarina Dudenbros | F1425: Sakellariou | G1425: =IF(H1425+0.5*J1425>6.5,1,0) -> 1 | H1425: 7 | I1425: 6 | J1425: 0 | K1425: ="vs "&E1424 -> vs The Guns | L1425: ="vs "&F1424 -> vs Vasilis | M1425: 189 | N1425: 0.512 | O1425: 58 | P1425: 0.433 | Q1425: 0.811 | R1425: 496 | S1425: 55 | T1425: 137 | U1425: 93 | V1425: 20 | W1425: 16 | X1425: 38 | Y1425: 2.45
A1426: 2021 | B1426: Regular | C1426: 13 | D1426: =+D1425+1 -> 127 | E1426: Baltimore Hercules | F1426: Sarantos | G1426: =IF(H1426+0.5*J1426>6.5,1,0) -> 1 | H1426: 7 | I1426: 6 | J1426: 0 | K1426: ="vs "&E1427 -> vs Guruuu 🐐🐐🐐 | L1426: ="vs "&F1427 -> vs Guru | M1426: 138 | N1426: 0.401 | O1426: 52 | P1426: 0.344 | Q1426: 0.769 | R1426: 378 | S1426: 36 | T1426: 110 | U1426: 97 | V1426: 31 | W1426: 12 | X1426: 51 | Y1426: 1.9
A1427: 2021 | B1427: Regular | C1427: 13 | D1427: =+D1426 -> 127 | E1427: Guruuu 🐐🐐🐐 | F1427: Guru | G1427: =IF(H1427+0.5*J1427>6.5,1,0) -> 0 | H1427: 6 | I1427: 7 | J1427: 0 | K1427: ="vs "&E1426 -> vs Baltimore Hercules | L1427: ="vs "&F1426 -> vs Sarantos | M1427: 122 | N1427: 0.404 | O1427: 38 | P1427: 0.27 | Q1427: 0.88 | R1427: 348 | S1427: 38 | T1427: 106 | U1427: 73 | V1427: 19 | W1427: 25 | X1427: 34 | Y1427: 2.15
A1428: 2021 | B1428: Regular | C1428: 13 | D1428: =+D1427+1 -> 128 | E1428: Kourayo Vallecano | F1428: Ziogas/Christof | G1428: =IF(H1428+0.5*J1428>6.5,1,0) -> 1 | H1428: 7 | I1428: 6 | J1428: 0 | K1428: ="vs "&E1429 -> vs The Bridgeburners | L1428: ="vs "&F1429 -> vs Fanis | M1428: 127 | N1428: 0.47 | O1428: 46 | P1428: 0.426 | Q1428: 0.671 | R1428: 357 | S1428: 35 | T1428: 159 | U1428: 97 | V1428: 28 | W1428: 27 | X1428: 50 | Y1428: 1.94
A1429: 2021 | B1429: Regular | C1429: 13 | D1429: =+D1428 -> 128 | E1429: The Bridgeburners | F1429: Fanis | G1429: =IF(H1429+0.5*J1429>6.5,1,0) -> 0 | H1429: 6 | I1429: 7 | J1429: 0 | K1429: ="vs "&E1428 -> vs Kourayo Vallecano | L1429: ="vs "&F1428 -> vs Ziogas/Christof | M1429: 123 | N1429: 0.494 | O1429: 36 | P1429: 0.409 | Q1429: 0.723 | R1429: 329 | S1429: 41 | T1429: 151 | U1429: 76 | V1429: 32 | W1429: 37 | X1429: 41 | Y1429: 1.85
A1430: 2021 | B1430: Regular | C1430: 13 | D1430: =+D1429+1 -> 129 | E1430: Karafli SaiTa | F1430: Tassos | G1430: =IF(H1430+0.5*J1430>6.5,1,0) -> 1 | H1430: 11 | I1430: 2 | J1430: 0 | K1430: ="vs "&E1431 -> vs The Rookies | L1430: ="vs "&F1431 -> vs Kousidis | M1430: 211 | N1430: 0.529 | O1430: 55 | P1430: 0.433 | Q1430: 0.802 | R1430: 558 | S1430: 32 | T1430: 124 | U1430: 94 | V1430: 24 | W1430: 22 | X1430: 46 | Y1430: 2.04
A1431: 2021 | B1431: Regular | C1431: 13 | D1431: =+D1430 -> 129 | E1431: The Rookies | F1431: Kousidis | G1431: =IF(H1431+0.5*J1431>6.5,1,0) -> 0 | H1431: 2 | I1431: 11 | J1431: 0 | K1431: ="vs "&E1430 -> vs Karafli SaiTa | L1431: ="vs "&F1430 -> vs Tassos | M1431: 99 | N1431: 0.432 | O1431: 32 | P1431: 0.364 | Q1431: 0.761 | R1431: 281 | S1431: 37 | T1431: 96 | U1431: 46 | V1431: 16 | W1431: 21 | X1431: 27 | Y1431: 1.7
A1432: 2021 | B1432: Regular | C1432: 13 | D1432: =+D1431+1 -> 130 | E1432: Fighting Thaddeus | F1432: Stavros | G1432: =IF(H1432+0.5*J1432>6.5,1,0) -> 1 | H1432: 8 | I1432: 5 | J1432: 0 | K1432: ="vs "&E1433 -> vs Xanthi Ducks 🦆 | L1432: ="vs "&F1433 -> vs Kotakis | M1432: 138 | N1432: 0.452 | O1432: 42 | P1432: 0.353 | Q1432: 0.816 | R1432: 380 | S1432: 40 | T1432: 108 | U1432: 81 | V1432: 16 | W1432: 17 | X1432: 44 | Y1432: 1.84
A1433: 2021 | B1433: Regular | C1433: 13 | D1433: =+D1432 -> 130 | E1433: Xanthi Ducks 🦆 | F1433: Kotakis | G1433: =IF(H1433+0.5*J1433>6.5,1,0) -> 0 | H1433: 5 | I1433: 8 | J1433: 0 | K1433: ="vs "&E1432 -> vs Fighting Thaddeus | L1433: ="vs "&F1432 -> vs Stavros | M1433: 115 | N1433: 0.446 | O1433: 45 | P1433: 0.36 | Q1433: 0.783 | R1433: 311 | S1433: 20 | T1433: 83 | U1433: 58 | V1433: 22 | W1433: 11 | X1433: 25 | Y1433: 2.32
A1434: 2021 | B1434: Regular | C1434: 14 | D1434: =+D1433+1 -> 131 | E1434: st.Helens Eruptions | F1434: Aris | G1434: =IF(H1434+0.5*J1434>6.5,1,0) -> 1 | H1434: 9 | I1434: 4 | J1434: 0 | K1434: ="vs "&E1435 -> vs Knights of Ni | L1434: ="vs "&F1435 -> vs Tolios | M1434: 207 | N1434: 0.499 | O1434: 59 | P1434: 0.391 | Q1434: 0.796 | R1434: 555 | S1434: 45 | T1434: 154 | U1434: 134 | V1434: 35 | W1434: 21 | X1434: 76 | Y1434: 1.76
A1435: 2021 | B1435: Regular | C1435: 14 | D1435: =+D1434 -> 131 | E1435: Knights of Ni | F1435: Tolios | G1435: =IF(H1435+0.5*J1435>6.5,1,0) -> 0 | H1435: 4 | I1435: 9 | J1435: 0 | K1435: ="vs "&E1434 -> vs st.Helens Eruptions | L1435: ="vs "&F1434 -> vs Aris | M1435: 142 | N1435: 0.5 | O1435: 40 | P1435: 0.417 | Q1435: 0.782 | R1435: 385 | S1435: 35 | T1435: 123 | U1435: 102 | V1435: 27 | W1435: 20 | X1435: 39 | Y1435: 2.62
A1436: 2021 | B1436: Regular | C1436: 14 | D1436: =+D1435+1 -> 132 | E1436: Pachiana NinjaBees | F1436: Spiridaus/Oladipas | G1436: =IF(H1436+0.5*J1436>6.5,1,0) -> 0 | H1436: 5 | I1436: 7 | J1436: 1 | K1436: ="vs "&E1437 -> vs Tsarlatans | L1436: ="vs "&F1437 -> vs Tzokos | M1436: 166 | N1436: 0.461 | O1436: 65 | P1436: 0.414 | Q1436: 0.92 | R1436: 478 | S1436: 34 | T1436: 138 | U1436: 99 | V1436: 24 | W1436: 16 | X1436: 51 | Y1436: 1.94
A1437: 2021 | B1437: Regular | C1437: 14 | D1437: =+D1436 -> 132 | E1437: Tsarlatans | F1437: Tzokos | G1437: =IF(H1437+0.5*J1437>6.5,1,0) -> 1 | H1437: 7 | I1437: 5 | J1437: 1 | K1437: ="vs "&E1436 -> vs Pachiana NinjaBees | L1437: ="vs "&F1436 -> vs Spiridaus/Oladipas | M1437: 189 | N1437: 0.464 | O1437: 46 | P1437: 0.346 | Q1437: 0.734 | R1437: 504 | S1437: 67 | T1437: 142 | U1437: 86 | V1437: 43 | W1437: 20 | X1437: 51 | Y1437: 1.69
A1438: 2021 | B1438: Regular | C1438: 14 | D1438: =+D1437+1 -> 133 | E1438: Salonika Devils | F1438: Fountos | G1438: =IF(H1438+0.5*J1438>6.5,1,0) -> 0 | H1438: 2 | I1438: 11 | J1438: 0 | K1438: ="vs "&E1439 -> vs Steven Adams' Moustache | L1438: ="vs "&F1439 -> vs Johnny | M1438: 194 | N1438: 0.485 | O1438: 43 | P1438: 0.333 | Q1438: 0.892 | R1438: 538 | S1438: 34 | T1438: 112 | U1438: 116 | V1438: 25 | W1438: 17 | X1438: 50 | Y1438: 2.32
A1439: 2021 | B1439: Regular | C1439: 14 | D1439: =+D1438 -> 133 | E1439: Steven Adams' Moustache | F1439: Johnny | G1439: =IF(H1439+0.5*J1439>6.5,1,0) -> 1 | H1439: 11 | I1439: 2 | J1439: 0 | K1439: ="vs "&E1438 -> vs Salonika Devils | L1439: ="vs "&F1438 -> vs Fountos | M1439: 269 | N1439: 0.531 | O1439: 63 | P1439: 0.404 | Q1439: 0.779 | R1439: 703 | S1439: 49 | T1439: 217 | U1439: 175 | V1439: 37 | W1439: 42 | X1439: 71 | Y1439: 2.46
A1440: 2021 | B1440: Regular | C1440: 14 | D1440: =+D1439+1 -> 134 | E1440: Donkey Rolls | F1440: Markos | G1440: =IF(H1440+0.5*J1440>6.5,1,0) -> 0 | H1440: 5 | I1440: 8 | J1440: 0 | K1440: ="vs "&E1441 -> vs Underdogs | L1440: ="vs "&F1441 -> vs Nonis | M1440: 145 | N1440: 0.443 | O1440: 34 | P1440: 0.34 | Q1440: 0.762 | R1440: 385 | S1440: 46 | T1440: 136 | U1440: 88 | V1440: 27 | W1440: 25 | X1440: 64 | Y1440: 1.38
A1441: 2021 | B1441: Regular | C1441: 14 | D1441: =+D1440 -> 134 | E1441: Underdogs | F1441: Nonis | G1441: =IF(H1441+0.5*J1441>6.5,1,0) -> 1 | H1441: 8 | I1441: 5 | J1441: 0 | K1441: ="vs "&E1440 -> vs Donkey Rolls | L1441: ="vs "&F1440 -> vs Markos | M1441: 164 | N1441: 0.454 | O1441: 54 | P1441: 0.388 | Q1441: 0.8 | R1441: 474 | S1441: 20 | T1441: 120 | U1441: 109 | V1441: 24 | W1441: 13 | X1441: 75 | Y1441: 1.45
A1442: 2021 | B1442: Regular | C1442: 14 | D1442: =+D1441+1 -> 135 | E1442: purple fuzzy apache pirates | F1442: pi/Sotiris | G1442: =IF(H1442+0.5*J1442>6.5,1,0) -> 0 | H1442: 6 | I1442: 6 | J1442: 1 | K1442: ="vs "&E1443 -> vs The Others | L1442: ="vs "&F1443 -> vs Miggianis | M1442: 205 | N1442: 0.447 | O1442: 46 | P1442: 0.329 | Q1442: 0.713 | R1442: 548 | S1442: 55 | T1442: 151 | U1442: 136 | V1442: 42 | W1442: 17 | X1442: 65 | Y1442: 2.09
A1443: 2021 | B1443: Regular | C1443: 14 | D1443: =+D1442 -> 135 | E1443: The Others | F1443: Miggianis | G1443: =IF(H1443+0.5*J1443>6.5,1,0) -> 0 | H1443: 6 | I1443: 6 | J1443: 1 | K1443: ="vs "&E1442 -> vs purple fuzzy apache pirates | L1443: ="vs "&F1442 -> vs pi/Sotiris | M1443: 146 | N1443: 0.459 | O1443: 46 | P1443: 0.357 | Q1443: 0.827 | R1443: 400 | S1443: 26 | T1443: 142 | U1443: 99 | V1443: 24 | W1443: 22 | X1443: 35 | Y1443: 2.83
A1444: 2021 | B1444: Regular | C1444: 14 | D1444: =+D1443+1 -> 136 | E1444: Samarina Dudenbros | F1444: Sakellariou | G1444: =IF(H1444+0.5*J1444>6.5,1,0) -> 1 | H1444: 8 | I1444: 5 | J1444: 0 | K1444: ="vs "&E1445 -> vs Baltimore Hercules | L1444: ="vs "&F1445 -> vs Sarantos | M1444: 154 | N1444: 0.46 | O1444: 56 | P1444: 0.352 | Q1444: 0.867 | R1444: 429 | S1444: 29 | T1444: 141 | U1444: 79 | V1444: 26 | W1444: 19 | X1444: 30 | Y1444: 2.63
A1445: 2021 | B1445: Regular | C1445: 14 | D1445: =+D1444 -> 136 | E1445: Baltimore Hercules | F1445: Sarantos | G1445: =IF(H1445+0.5*J1445>6.5,1,0) -> 0 | H1445: 5 | I1445: 8 | J1445: 0 | K1445: ="vs "&E1444 -> vs Samarina Dudenbros | L1445: ="vs "&F1444 -> vs Sakellariou | M1445: 159 | N1445: 0.464 | O1445: 46 | P1445: 0.343 | Q1445: 0.697 | R1445: 410 | S1445: 15 | T1445: 106 | U1445: 86 | V1445: 35 | W1445: 22 | X1445: 51 | Y1445: 1.69
A1446: 2021 | B1446: Regular | C1446: 14 | D1446: =+D1445+1 -> 137 | E1446: The Guns | F1446: Vasilis | G1446: =IF(H1446+0.5*J1446>6.5,1,0) -> 0 | H1446: 1 | I1446: 12 | J1446: 0 | K1446: ="vs "&E1447 -> vs Kourayo Vallecano | L1446: ="vs "&F1447 -> vs Ziogas/Christof | M1446: 133 | N1446: 0.424 | O1446: 45 | P1446: 0.346 | Q1446: 0.745 | R1446: 384 | S1446: 21 | T1446: 96 | U1446: 71 | V1446: 26 | W1446: 15 | X1446: 37 | Y1446: 1.92
A1447: 2021 | B1447: Regular | C1447: 14 | D1447: =+D1446 -> 137 | E1447: Kourayo Vallecano | F1447: Ziogas/Christof | G1447: =IF(H1447+0.5*J1447>6.5,1,0) -> 1 | H1447: 12 | I1447: 1 | J1447: 0 | K1447: ="vs "&E1446 -> vs The Guns | L1447: ="vs "&F1446 -> vs Vasilis | M1447: 156 | N1447: 0.495 | O1447: 62 | P1447: 0.419 | Q1447: 0.802 | R1447: 455 | S1447: 33 | T1447: 173 | U1447: 130 | V1447: 28 | W1447: 24 | X1447: 57 | Y1447: 2.28
...

Sheet Clean data
A1: Year | B1: Regular/ Playoffs | C1: Period | D1: Match No | E1: Team | F1: Manager | G1: Games Won | H1: W | I1: L | J1: D | K1: vs Opponent | L1: vs Manager | M1: FGM | N1: FG% | O1: 3PM | P1: 3P% | Q1: FT% | R1: PTS | S1: OREB | T1: DREB | U1: AST | V1: STL | W1: BLK | X1: TO | Y1: A/TO
A2: 2026 | B2: Regular | C2: 1 | D2: 1 | E2: =+'Raw data'!A5 -> Kourayo Vallecano | F2: =VLOOKUP(E2,Data!$E$2626:$F$2645,2,FALSE) -> Ziogas/Christof | H2: =+'Raw data'!A26 -> 6 | I2: =+'Raw data'!B26 -> 7 | J2: =+'Raw data'!C26 -> 0 | M2: =+'Raw data'!E26 -> 127 | N2: =+'Raw data'!F26 -> 0.464 | O2: =+'Raw data'!G26 -> 30 | P2: =+'Raw data'!H26 -> 0.291 | Q2: =+'Raw data'!I26 -> 0.743 | R2: =+'Raw data'!J26 -> 359 | S2: =+'Raw data'!K26 -> 46 | T2: =+'Raw data'!L26 -> 113 | ... Y2: =+'Raw data'!Q26 -> 2.65
A3: 2025 | B3: Regular | C3: 1 | D3: 1 | E3: =+'Raw data'!A6 -> LRBP PR3DATORS | F3: =VLOOKUP(E3,Data!$E$2626:$F$2645,2,FALSE) -> Lafa | H3: =+'Raw data'!A27 -> 7 | I3: =+'Raw data'!B27 -> 6 | J3: =+'Raw data'!C27 -> 0 | M3: =+'Raw data'!E27 -> 171 | N3: =+'Raw data'!F27 -> 0.46 | O3: =+'Raw data'!G27 -> 37 | P3: =+'Raw data'!H27 -> 0.291 | Q3: =+'Raw data'!I27 -> 0.816 | R3: =+'Raw data'!J27 -> 508 | S3: =+'Raw data'!K27 -> 25 | T3: =+'Raw data'!L27 -> 132 | ... Y3: =+'Raw data'!Q27 -> 1.17
A4: 2025 | B4: Regular | C4: 1 | D4: =+D2+1 -> 2 | E4: =+'Raw data'!A7 -> Xanthi Ducks 🦆 | F4: =VLOOKUP(E4,Data!$E$2626:$F$2645,2,FALSE) -> Kotakis | H4: =+'Raw data'!A28 -> 3 | I4: =+'Raw data'!B28 -> 10 | J4: =+'Raw data'!C28 -> 0 | M4: =+'Raw data'!E28 -> 85 | N4: =+'Raw data'!F28 -> 0.436 | O4: =+'Raw data'!G28 -> 31 | P4: =+'Raw data'!H28 -> 0.365 | Q4: =+'Raw data'!I28 -> 0.766 | R4: =+'Raw data'!J28 -> 250 | S4: =+'Raw data'!K28 -> 38 | T4: =+'Raw data'!L28 -> 85 | ... Y4: =+'Raw data'!Q28 -> 1.72
A5: 2025 | B5: Regular | C5: 1 | D5: =+D3+1 -> 2 | E5: =+'Raw data'!A8 -> The Bridgeburners | F5: =VLOOKUP(E5,Data!$E$2626:$F$2645,2,FALSE) -> Fanis | H5: =+'Raw data'!A29 -> 10 | I5: =+'Raw data'!B29 -> 3 | J5: =+'Raw data'!C29 -> 0 | M5: =+'Raw data'!E29 -> 165 | N5: =+'Raw data'!F29 -> 0.493 | O5: =+'Raw data'!G29 -> 54 | P5: =+'Raw data'!H29 -> 0.394 | Q5: =+'Raw data'!I29 -> 0.817 | R5: =+'Raw data'!J29 -> 473 | S5: =+'Raw data'!K29 -> 24 | T5: =+'Raw data'!L29 -> 109 | ... Y5: =+'Raw data'!Q29 -> 1.64
A6: 2025 | B6: Regular | C6: 1 | D6: =+D4+1 -> 3 | E6: =+'Raw data'!A9 -> The Guns | F6: =VLOOKUP(E6,Data!$E$2626:$F$2645,2,FALSE) -> Vasilis | H6: =+'Raw data'!A30 -> 10 | I6: =+'Raw data'!B30 -> 3 | J6: =+'Raw data'!C30 -> 0 | M6: =+'Raw data'!E30 -> 165 | N6: =+'Raw data'!F30 -> 0.473 | O6: =+'Raw data'!G30 -> 38 | P6: =+'Raw data'!H30 -> 0.288 | Q6: =+'Raw data'!I30 -> 0.826 | R6: =+'Raw data'!J30 -> 477 | S6: =+'Raw data'!K30 -> 41 | T6: =+'Raw data'!L30 -> 122 | ... Y6: =+'Raw data'!Q30 -> 1.93
A7: 2025 | B7: Regular | C7: 1 | D7: =+D5+1 -> 3 | E7: =+'Raw data'!A10 -> Heraklion Snakes | F7: =VLOOKUP(E7,Data!$E$2626:$F$2645,2,FALSE) -> Dimitris | H7: =+'Raw data'!A31 -> 3 | I7: =+'Raw data'!B31 -> 10 | J7: =+'Raw data'!C31 -> 0 | M7: =+'Raw data'!E31 -> 68 | N7: =+'Raw data'!F31 -> 0.456 | O7: =+'Raw data'!G31 -> 19 | P7: =+'Raw data'!H31 -> 0.345 | Q7: =+'Raw data'!I31 -> 0.87 | R7: =+'Raw data'!J31 -> 195 | S7: =+'Raw data'!K31 -> 19 | T7: =+'Raw data'!L31 -> 54 | ... Y7: =+'Raw data'!Q31 -> 1.21
A8: 2025 | B8: Regular | C8: 1 | D8: =+D6+1 -> 4 | E8: =+'Raw data'!A11 -> Tsarlatans | F8: =VLOOKUP(E8,Data!$E$2626:$F$2645,2,FALSE) -> Tzokos | H8: =+'Raw data'!A32 -> 5 | I8: =+'Raw data'!B32 -> 8 | J8: =+'Raw data'!C32 -> 0 | M8: =+'Raw data'!E32 -> 130 | N8: =+'Raw data'!F32 -> 0.455 | O8: =+'Raw data'!G32 -> 24 | P8: =+'Raw data'!H32 -> 0.293 | Q8: =+'Raw data'!I32 -> 0.839 | R8: =+'Raw data'!J32 -> 357 | S8: =+'Raw data'!K32 -> 33 | T8: =+'Raw data'!L32 -> 107 | ... Y8: =+'Raw data'!Q32 -> 1.53
A9: 2025 | B9: Regular | C9: 1 | D9: =+D7+1 -> 4 | E9: =+'Raw data'!A12 -> Guruuu 🐐🐐🐐 | F9: =VLOOKUP(E9,Data!$E$2626:$F$2645,2,FALSE) -> Guru | H9: =+'Raw data'!A33 -> 8 | I9: =+'Raw data'!B33 -> 5 | J9: =+'Raw data'!C33 -> 0 | M9: =+'Raw data'!E33 -> 125 | N9: =+'Raw data'!F33 -> 0.448 | O9: =+'Raw data'!G33 -> 44 | P9: =+'Raw data'!H33 -> 0.361 | Q9: =+'Raw data'!I33 -> 0.765 | R9: =+'Raw data'!J33 -> 398 | S9: =+'Raw data'!K33 -> 36 | T9: =+'Raw data'!L33 -> 83 | ... Y9: =+'Raw data'!Q33 -> 3.19
A10: 2025 | B10: Regular | C10: 1 | D10: =+D8+1 -> 5 | E10: =+'Raw data'!A13 -> Hércules Pals | F10: =VLOOKUP(E10,Data!$E$2626:$F$2645,2,FALSE) -> #N/A | H10: =+'Raw data'!A34 -> 3 | I10: =+'Raw data'!B34 -> 10 | J10: =+'Raw data'!C34 -> 0 | M10: =+'Raw data'!E34 -> 66 | N10: =+'Raw data'!F34 -> 0.379 | O10: =+'Raw data'!G34 -> 32 | P10: =+'Raw data'!H34 -> 0.39 | Q10: =+'Raw data'!I34 -> 0.822 | R10: =+'Raw data'!J34 -> 201 | S10: =+'Raw data'!K34 -> 30 | T10: =+'Raw data'!L34 -> 78 | ... Y10: =+'Raw data'!Q34 -> 2
A11: 2025 | B11: Regular | C11: 1 | D11: =+D9+1 -> 5 | E11: =+'Raw data'!A14 -> Knights of Ni | F11: =VLOOKUP(E11,Data!$E$2626:$F$2645,2,FALSE) -> Tolios | H11: =+'Raw data'!A35 -> 10 | I11: =+'Raw data'!B35 -> 3 | J11: =+'Raw data'!C35 -> 0 | M11: =+'Raw data'!E35 -> 129 | N11: =+'Raw data'!F35 -> 0.52 | O11: =+'Raw data'!G35 -> 36 | P11: =+'Raw data'!H35 -> 0.419 | Q11: =+'Raw data'!I35 -> 0.802 | R11: =+'Raw data'!J35 -> 387 | S11: =+'Raw data'!K35 -> 35 | T11: =+'Raw data'!L35 -> 105 | ... Y11: =+'Raw data'!Q35 -> 1.19
A12: 2025 | B12: Regular | C12: 1 | D12: =+D10+1 -> 6 | E12: =+'Raw data'!A15 -> Fighting Thaddeus | F12: =VLOOKUP(E12,Data!$E$2626:$F$2645,2,FALSE) -> Stavros | H12: =+'Raw data'!A36 -> 3 | I12: =+'Raw data'!B36 -> 10 | J12: =+'Raw data'!C36 -> 0 | M12: =+'Raw data'!E36 -> 123 | N12: =+'Raw data'!F36 -> 0.424 | O12: =+'Raw data'!G36 -> 54 | P12: =+'Raw data'!H36 -> 0.353 | Q12: =+'Raw data'!I36 -> 0.883 | R12: =+'Raw data'!J36 -> 368 | S12: =+'Raw data'!K36 -> 21 | T12: =+'Raw data'!L36 -> 106 | ... Y12: =+'Raw data'!Q36 -> 2.12
A13: 2025 | B13: Regular | C13: 1 | D13: =+D11+1 -> 6 | E13: =+'Raw data'!A16 -> purple fuzzy apache pirates | F13: =VLOOKUP(E13,Data!$E$2626:$F$2645,2,FALSE) -> pi/Sotiris | H13: =+'Raw data'!A37 -> 10 | I13: =+'Raw data'!B37 -> 3 | J13: =+'Raw data'!C37 -> 0 | M13: =+'Raw data'!E37 -> 207 | N13: =+'Raw data'!F37 -> 0.552 | O13: =+'Raw data'!G37 -> 56 | P13: =+'Raw data'!H37 -> 0.418 | Q13: =+'Raw data'!I37 -> 0.782 | R13: =+'Raw data'!J37 -> 585 | S13: =+'Raw data'!K37 -> 29 | T13: =+'Raw data'!L37 -> 156 | ... Y13: =+'Raw data'!Q37 -> 2.45
A14: 2025 | B14: Regular | C14: 1 | D14: =+D12+1 -> 7 | E14: =+'Raw data'!A17 -> Karafli Saita | F14: =VLOOKUP(E14,Data!$E$2626:$F$2645,2,FALSE) -> Tassos | H14: =+'Raw data'!A38 -> 10 | I14: =+'Raw data'!B38 -> 2 | J14: =+'Raw data'!C38 -> 1 | M14: =+'Raw data'!E38 -> 161 | N14: =+'Raw data'!F38 -> 0.478 | O14: =+'Raw data'!G38 -> 49 | P14: =+'Raw data'!H38 -> 0.408 | Q14: =+'Raw data'!I38 -> 0.783 | R14: =+'Raw data'!J38 -> 472 | S14: =+'Raw data'!K38 -> 30 | T14: =+'Raw data'!L38 -> 118 | ... Y14: =+'Raw data'!Q38 -> 1.43
A15: 2025 | B15: Regular | C15: 1 | D15: =+D13+1 -> 7 | E15: =+'Raw data'!A18 -> The Bad Boys | F15: =VLOOKUP(E15,Data!$E$2626:$F$2645,2,FALSE) -> Arvanitis | H15: =+'Raw data'!A39 -> 2 | I15: =+'Raw data'!B39 -> 10 | J15: =+'Raw data'!C39 -> 1 | M15: =+'Raw data'!E39 -> 135 | N15: =+'Raw data'!F39 -> 0.472 | O15: =+'Raw data'!G39 -> 43 | P15: =+'Raw data'!H39 -> 0.358 | Q15: =+'Raw data'!I39 -> 0.63 | R15: =+'Raw data'!J39 -> 376 | S15: =+'Raw data'!K39 -> 25 | T15: =+'Raw data'!L39 -> 117 | ... Y15: =+'Raw data'!Q39 -> 1.16
... A21: 2025 | B21: Regular | C21: 1 | D21: =+D19+1 -> 10 | E21: =+'Raw data'!A24 -> Steven Adams' Moustache | F21: =VLOOKUP(E21,Data!$E$2626:$F$2645,2,FALSE) -> Johnny | H21: =+'Raw data'!A45 -> 4 | I21: =+'Raw data'!B45 -> 9 | J21: =+'Raw data'!C45 -> 0 | M21: =+'Raw data'!E45 -> 94 | N21: =+'Raw data'!F45 -> 0.463 | O21: =+'Raw data'!G45 -> 29 | P21: =+'Raw data'!H45 -> 0.333 | Q21: =+'Raw data'!I45 -> 0.75 | R21: =+'Raw data'!J45 -> 259 | S21: =+'Raw data'!K45 -> 30 | T21: =+'Raw data'!L45 -> 67 | ... Y21: =+'Raw data'!Q45 -> 1.53
A22: 2025 | B22: Regular | C22: =+C21+1 -> 2 | D22: =+D20+1 -> 11 | E22: =+'Raw data'!A49 -> LRBP PR3DATORS | F22: =VLOOKUP(E22,Data!$E$2626:$F$2645,2,FALSE) -> Lafa | H22: =+'Raw data'!A70 -> 7 | I22: =+'Raw data'!B70 -> 6 | J22: =+'Raw data'!C70 -> 0 | M22: =+'Raw data'!E70 -> 161 | N22: =+'Raw data'!F70 -> 0.503 | O22: =+'Raw data'!G70 -> 45 | P22: =+'Raw data'!H70 -> 0.429 | Q22: =+'Raw data'!I70 -> 0.729 | R22: =+'Raw data'!J70 -> 464 | S22: =+'Raw data'!K70 -> 47 | T22: =+'Raw data'!L70 -> 136 | ... Y22: =+'Raw data'!Q70 -> 1.72
A23: 2025 | B23: Regular | C23: =+C22 -> 2 | D23: =+D21+1 -> 11 | E23: =+'Raw data'!A50 -> Xanthi Ducks 🦆 | F23: =VLOOKUP(E23,Data!$E$2626:$F$2645,2,FALSE) -> Kotakis | H23: =+'Raw data'!A71 -> 6 | I23: =+'Raw data'!B71 -> 7 | J23: =+'Raw data'!C71 -> 0 | M23: =+'Raw data'!E71 -> 149 | N23: =+'Raw data'!F71 -> 0.527 | O23: =+'Raw data'!G71 -> 43 | P23: =+'Raw data'!H71 -> 0.406 | Q23: =+'Raw data'!I71 -> 0.812 | R23: =+'Raw data'!J71 -> 397 | S23: =+'Raw data'!K71 -> 55 | T23: =+'Raw data'!L71 -> 146 | ... Y23: =+'Raw data'!Q71 -> 2.05
A24: 2025 | B24: Regular | C24: =+C23 -> 2 | D24: =+D22+1 -> 12 | E24: =+'Raw data'!A51 -> Kourayo Vallecano | F24: =VLOOKUP(E24,Data!$E$2626:$F$2645,2,FALSE) -> Ziogas/Christof | H24: =+'Raw data'!A72 -> 3 | I24: =+'Raw data'!B72 -> 10 | J24: =+'Raw data'!C72 -> 0 | M24: =+'Raw data'!E72 -> 181 | N24: =+'Raw data'!F72 -> 0.469 | O24: =+'Raw data'!G72 -> 53 | P24: =+'Raw data'!H72 -> 0.346 | Q24: =+'Raw data'!I72 -> 0.828 | R24: =+'Raw data'!J72 -> 521 | S24: =+'Raw data'!K72 -> 49 | T24: =+'Raw data'!L72 -> 110 | ... Y24: =+'Raw data'!Q72 -> 2.05
A25: 2025 | B25: Regular | C25: =+C24 -> 2 | D25: =+D23+1 -> 12 | E25: =+'Raw data'!A52 -> The Guns | F25: =VLOOKUP(E25,Data!$E$2626:$F$2645,2,FALSE) -> Vasilis | H25: =+'Raw data'!A73 -> 10 | I25: =+'Raw data'!B73 -> 3 | J25: =+'Raw data'!C73 -> 0 | M25: =+'Raw data'!E73 -> 212 | N25: =+'Raw data'!F73 -> 0.47 | O25: =+'Raw data'!G73 -> 75 | P25: =+'Raw data'!H73 -> 0.359 | Q25: =+'Raw data'!I73 -> 0.895 | R25: =+'Raw data'!J73 -> 601 | S25: =+'Raw data'!K73 -> 36 | T25: =+'Raw data'!L73 -> 151 | ... Y25: =+'Raw data'!Q73 -> 2.22
A26: 2025 | B26: Regular | C26: =+C25 -> 2 | D26: =+D24+1 -> 13 | E26: =+'Raw data'!A53 -> The Bridgeburners | F26: =VLOOKUP(E26,Data!$E$2626:$F$2645,2,FALSE) -> Fanis | H26: =+'Raw data'!A74 -> 8 | I26: =+'Raw data'!B74 -> 5 | J26: =+'Raw data'!C74 -> 0 | M26: =+'Raw data'!E74 -> 170 | N26: =+'Raw data'!F74 -> 0.449 | O26: =+'Raw data'!G74 -> 54 | P26: =+'Raw data'!H74 -> 0.338 | Q26: =+'Raw data'!I74 -> 0.724 | R26: =+'Raw data'!J74 -> 486 | S26: =+'Raw data'!K74 -> 50 | T26: =+'Raw data'!L74 -> 140 | ... Y26: =+'Raw data'!Q74 -> 1.84
A27: 2025 | B27: Regular | C27: =+C26 -> 2 | D27: =+D25+1 -> 13 | E27: =+'Raw data'!A54 -> Tsarlatans | F27: =VLOOKUP(E27,Data!$E$2626:$F$2645,2,FALSE) -> Tzokos | H27: =+'Raw data'!A75 -> 5 | I27: =+'Raw data'!B75 -> 8 | J27: =+'Raw data'!C75 -> 0 | M27: =+'Raw data'!E75 -> 144 | N27: =+'Raw data'!F75 -> 0.451 | O27: =+'Raw data'!G75 -> 22 | P27: =+'Raw data'!H75 -> 0.22 | Q27: =+'Raw data'!I75 -> 0.776 | R27: =+'Raw data'!J75 -> 369 | S27: =+'Raw data'!K75 -> 36 | T27: =+'Raw data'!L75 -> 125 | ... Y27: =+'Raw data'!Q75 -> 2.17
A28: 2025 | B28: Regular | C28: =+C27 -> 2 | D28: =+D26+1 -> 14 | E28: =+'Raw data'!A55 -> Heraklion Snakes | F28: =VLOOKUP(E28,Data!$E$2626:$F$2645,2,FALSE) -> Dimitris | H28: =+'Raw data'!A76 -> 5 | I28: =+'Raw data'!B76 -> 8 | J28: =+'Raw data'!C76 -> 0 | M28: =+'Raw data'!E76 -> 71 | N28: =+'Raw data'!F76 -> 0.522 | O28: =+'Raw data'!G76 -> 21 | P28: =+'Raw data'!H76 -> 0.382 | Q28: =+'Raw data'!I76 -> 0.886 | R28: =+'Raw data'!J76 -> 194 | S28: =+'Raw data'!K76 -> 18 | T28: =+'Raw data'!L76 -> 40 | ... Y28: =+'Raw data'!Q76 -> 2.31
A29: 2025 | B29: Regular | C29: =+C28 -> 2 | D29: =+D27+1 -> 14 | E29: =+'Raw data'!A56 -> Hércules Pals | F29: =VLOOKUP(E29,Data!$E$2626:$F$2645,2,FALSE) -> #N/A | H29: =+'Raw data'!A77 -> 8 | I29: =+'Raw data'!B77 -> 5 | J29: =+'Raw data'!C77 -> 0 | M29: =+'Raw data'!E77 -> 102 | N29: =+'Raw data'!F77 -> 0.406 | O29: =+'Raw data'!G77 -> 38 | P29: =+'Raw data'!H77 -> 0.325 | Q29: =+'Raw data'!I77 -> 0.75 | R29: =+'Raw data'!J77 -> 290 | S29: =+'Raw data'!K77 -> 41 | T29: =+'Raw data'!L77 -> 86 | ... Y29: =+'Raw data'!Q77 -> 1.85
A30: 2025 | B30: Regular | C30: =+C29 -> 2 | D30: =+D28+1 -> 15 | E30: =+'Raw data'!A57 -> Guruuu 🐐🐐🐐 | F30: =VLOOKUP(E30,Data!$E$2626:$F$2645,2,FALSE) -> Guru | H30: =+'Raw data'!A78 -> 6 | I30: =+'Raw data'!B78 -> 7 | J30: =+'Raw data'!C78 -> 0 | M30: =+'Raw data'!E78 -> 135 | N30: =+'Raw data'!F78 -> 0.447 | O30: =+'Raw data'!G78 -> 55 | P30: =+'Raw data'!H78 -> 0.39 | Q30: =+'Raw data'!I78 -> 0.857 | R30: =+'Raw data'!J78 -> 415 | S30: =+'Raw data'!K78 -> 27 | T30: =+'Raw data'!L78 -> 89 | ... Y30: =+'Raw data'!Q78 -> 2.02
A31: 2025 | B31: Regular | C31: =+C30 -> 2 | D31: =+D29+1 -> 15 | E31: =+'Raw data'!A58 -> Fighting Thaddeus | F31: =VLOOKUP(E31,Data!$E$2626:$F$2645,2,FALSE) -> Stavros | H31: =+'Raw data'!A79 -> 7 | I31: =+'Raw data'!B79 -> 6 | J31: =+'Raw data'!C79 -> 0 | M31: =+'Raw data'!E79 -> 160 | N31: =+'Raw data'!F79 -> 0.428 | O31: =+'Raw data'!G79 -> 70 | P31: =+'Raw data'!H79 -> 0.365 | Q31: =+'Raw data'!I79 -> 0.846 | R31: =+'Raw data'!J79 -> 467 | S31: =+'Raw data'!K79 -> 31 | T31: =+'Raw data'!L79 -> 124 | ... Y31: =+'Raw data'!Q79 -> 2.02
A32: 2025 | B32: Regular | C32: =+C31 -> 2 | D32: =+D30+1 -> 16 | E32: =+'Raw data'!A59 -> Knights of Ni | F32: =VLOOKUP(E32,Data!$E$2626:$F$2645,2,FALSE) -> Tolios | H32: =+'Raw data'!A80 -> 3 | I32: =+'Raw data'!B80 -> 10 | J32: =+'Raw data'!C80 -> 0 | M32: =+'Raw data'!E80 -> 173 | N32: =+'Raw data'!F80 -> 0.451 | O32: =+'Raw data'!G80 -> 56 | P32: =+'Raw data'!H80 -> 0.384 | Q32: =+'Raw data'!I80 -> 0.83 | R32: =+'Raw data'!J80 -> 490 | S32: =+'Raw data'!K80 -> 44 | T32: =+'Raw data'!L80 -> 107 | ... Y32: =+'Raw data'!Q80 -> 1.67
A33: 2025 | B33: Regular | C33: =+C32 -> 2 | D33: =+D31+1 -> 16 | E33: =+'Raw data'!A60 -> Karafli Saita | F33: =VLOOKUP(E33,Data!$E$2626:$F$2645,2,FALSE) -> Tassos | H33: =+'Raw data'!A81 -> 10 | I33: =+'Raw data'!B81 -> 3 | J33: =+'Raw data'!C81 -> 0 | M33: =+'Raw data'!E81 -> 200 | N33: =+'Raw data'!F81 -> 0.476 | O33: =+'Raw data'!G81 -> 60 | P33: =+'Raw data'!H81 -> 0.353 | Q33: =+'Raw data'!I81 -> 0.821 | R33: =+'Raw data'!J81 -> 570 | S33: =+'Raw data'!K81 -> 27 | T33: =+'Raw data'!L81 -> 121 | ... Y33: =+'Raw data'!Q81 -> 2.29
A34: 2025 | B34: Regular | C34: =+C33 -> 2 | D34: =+D32+1 -> 17 | E34: =+'Raw data'!A61 -> purple fuzzy apache pirates | F34: =VLOOKUP(E34,Data!$E$2626:$F$2645,2,FALSE) -> pi/Sotiris | H34: =+'Raw data'!A82 -> 7 | I34: =+'Raw data'!B82 -> 6 | J34: =+'Raw data'!C82 -> 0 | M34: =+'Raw data'!E82 -> 226 | N34: =+'Raw data'!F82 -> 0.506 | O34: =+'Raw data'!G82 -> 50 | P34: =+'Raw data'!H82 -> 0.318 | Q34: =+'Raw data'!I82 -> 0.826 | R34: =+'Raw data'!J82 -> 635 | S34: =+'Raw data'!K82 -> 42 | T34: =+'Raw data'!L82 -> 199 | ... Y34: =+'Raw data'!Q82 -> 1.75
... A41: 2025 | B41: Regular | C41: =+C40 -> 2 | D41: =+D39+1 -> 20 | E41: =+'Raw data'!A68 -> Steven Adams' Moustache | F41: =VLOOKUP(E41,Data!$E$2626:$F$2645,2,FALSE) -> Johnny | H41: =+'Raw data'!A89 -> 6 | I41: =+'Raw data'!B89 -> 7 | J41: =+'Raw data'!C89 -> 0 | M41: =+'Raw data'!E89 -> 135 | N41: =+'Raw data'!F89 -> 0.467 | O41: =+'Raw data'!G89 -> 69 | P41: =+'Raw data'!H89 -> 0.418 | Q41: =+'Raw data'!I89 -> 0.831 | R41: =+'Raw data'!J89 -> 388 | S41: =+'Raw data'!K89 -> 33 | T41: =+'Raw data'!L89 -> 96 | ... Y41: =+'Raw data'!Q89 -> 2.66
A42: 2025 | B42: Regular | C42: =+C41+1 -> 3 | D42: =+D40+1 -> 21 | E42: =+'Raw data'!A93 -> The Guns | F42: =VLOOKUP(E42,Data!$E$2626:$F$2645,2,FALSE) -> Vasilis | H42: =+'Raw data'!A114 -> 6 | I42: =+'Raw data'!B114 -> 7 | J42: =+'Raw data'!C114 -> 0 | M42: =+'Raw data'!E114 -> 133 | N42: =+'Raw data'!F114 -> 0.482 | O42: =+'Raw data'!G114 -> 56 | P42: =+'Raw data'!H114 -> 0.444 | Q42: =+'Raw data'!I114 -> 0.854 | R42: =+'Raw data'!J114 -> 410 | S42: =+'Raw data'!K114 -> 29 | T42: =+'Raw data'!L114 -> 91 | ... Y42: =+'Raw data'!Q114 -> 1.98
A43: 2025 | B43: Regular | C43: =+C42 -> 3 | D43: =+D41+1 -> 21 | E43: =+'Raw data'!A94 -> LRBP PR3DATORS | F43: =VLOOKUP(E43,Data!$E$2626:$F$2645,2,FALSE) -> Lafa | H43: =+'Raw data'!A115 -> 7 | I43: =+'Raw data'!B115 -> 6 | J43: =+'Raw data'!C115 -> 0 | M43: =+'Raw data'!E115 -> 184 | N43: =+'Raw data'!F115 -> 0.471 | O43: =+'Raw data'!G115 -> 43 | P43: =+'Raw data'!H115 -> 0.35 | Q43: =+'Raw data'!I115 -> 0.777 | R43: =+'Raw data'!J115 -> 540 | S43: =+'Raw data'!K115 -> 52 | T43: =+'Raw data'!L115 -> 187 | ... Y43: =+'Raw data'!Q115 -> 1.69
A44: 2025 | B44: Regular | C44: =+C43 -> 3 | D44: =+D42+1 -> 22 | E44: =+'Raw data'!A95 -> Tsarlatans | F44: =VLOOKUP(E44,Data!$E$2626:$F$2645,2,FALSE) -> Tzokos | H44: =+'Raw data'!A116 -> 4 | I44: =+'Raw data'!B116 -> 9 | J44: =+'Raw data'!C116 -> 0 | M44: =+'Raw data'!E116 -> 137 | N44: =+'Raw data'!F116 -> 0.431 | O44: =+'Raw data'!G116 -> 32 | P44: =+'Raw data'!H116 -> 0.288 | Q44: =+'Raw data'!I116 -> 0.765 | R44: =+'Raw data'!J116 -> 381 | S44: =+'Raw data'!K116 -> 51 | T44: =+'Raw data'!L116 -> 147 | ... Y44: =+'Raw data'!Q116 -> 1.42
A45: 2025 | B45: Regular | C45: =+C44 -> 3 | D45: =+D43+1 -> 22 | E45: =+'Raw data'!A96 -> Xanthi Ducks 🦆 | F45: =VLOOKUP(E45,Data!$E$2626:$F$2645,2,FALSE) -> Kotakis | H45: =+'Raw data'!A117 -> 9 | I45: =+'Raw data'!B117 -> 4 | J45: =+'Raw data'!C117 -> 0 | M45: =+'Raw data'!E117 -> 159 | N45: =+'Raw data'!F117 -> 0.51 | O45: =+'Raw data'!G117 -> 49 | P45: =+'Raw data'!H117 -> 0.408 | Q45: =+'Raw data'!I117 -> 0.808 | R45: =+'Raw data'!J117 -> 430 | S45: =+'Raw data'!K117 -> 42 | T45: =+'Raw data'!L117 -> 121 | ... Y45: =+'Raw data'!Q117 -> 1.98
A46: 2025 | B46: Regular | C46: =+C45 -> 3 | D46: =+D44+1 -> 23 | E46: =+'Raw data'!A97 -> Hércules Pals | F46: =VLOOKUP(E46,Data!$E$2626:$F$2645,2,FALSE) -> #N/A | H46: =+'Raw data'!A118 -> 4 | I46: =+'Raw data'!B118 -> 9 | J46: =+'Raw data'!C118 -> 0 | M46: =+'Raw data'!E118 -> 108 | N46: =+'Raw data'!F118 -> 0.427 | O46: =+'Raw data'!G118 -> 49 | P46: =+'Raw data'!H118 -> 0.374 | Q46: =+'Raw data'!I118 -> 0.789 | R46: =+'Raw data'!J118 -> 310 | S46: =+'Raw data'!K118 -> 40 | T46: =+'Raw data'!L118 -> 101 | ... Y46: =+'Raw data'!Q118 -> 1.26
A47: 2025 | B47: Regular | C47: =+C46 -> 3 | D47: =+D45+1 -> 23 | E47: =+'Raw data'!A98 -> Kourayo Vallecano | F47: =VLOOKUP(E47,Data!$E$2626:$F$2645,2,FALSE) -> Ziogas/Christof | H47: =+'Raw data'!A119 -> 9 | I47: =+'Raw data'!B119 -> 4 | J47: =+'Raw data'!C119 -> 0 | M47: =+'Raw data'!E119 -> 174 | N47: =+'Raw data'!F119 -> 0.474 | O47: =+'Raw data'!G119 -> 50 | P47: =+'Raw data'!H119 -> 0.34 | Q47: =+'Raw data'!I119 -> 0.77 | R47: =+'Raw data'!J119 -> 475 | S47: =+'Raw data'!K119 -> 47 | T47: =+'Raw data'!L119 -> 134 | ... Y47: =+'Raw data'!Q119 -> 1.83
A48: 2025 | B48: Regular | C48: =+C47 -> 3 | D48: =+D46+1 -> 24 | E48: =+'Raw data'!A99 -> Fighting Thaddeus | F48: =VLOOKUP(E48,Data!$E$2626:$F$2645,2,FALSE) -> Stavros | H48: =+'Raw data'!A120 -> 5 | I48: =+'Raw data'!B120 -> 8 | J48: =+'Raw data'!C120 -> 0 | M48: =+'Raw data'!E120 -> 148 | N48: =+'Raw data'!F120 -> 0.425 | O48: =+'Raw data'!G120 -> 55 | P48: =+'Raw data'!H120 -> 0.346 | Q48: =+'Raw data'!I120 -> 0.797 | R48: =+'Raw data'!J120 -> 410 | S48: =+'Raw data'!K120 -> 25 | T48: =+'Raw data'!L120 -> 91 | ... Y48: =+'Raw data'!Q120 -> 1.98
A49: 2025 | B49: Regular | C49: =+C48 -> 3 | D49: =+D47+1 -> 24 | E49: =+'Raw data'!A100 -> The Bridgeburners | F49: =VLOOKUP(E49,Data!$E$2626:$F$2645,2,FALSE) -> Fanis | H49: =+'Raw data'!A121 -> 8 | I49: =+'Raw data'!B121 -> 5 | J49: =+'Raw data'!C121 -> 0 | M49: =+'Raw data'!E121 -> 167 | N49: =+'Raw data'!F121 -> 0.461 | O49: =+'Raw data'!G121 -> 43 | P49: =+'Raw data'!H121 -> 0.333 | Q49: =+'Raw data'!I121 -> 0.84 | R49: =+'Raw data'!J121 -> 466 | S49: =+'Raw data'!K121 -> 73 | T49: =+'Raw data'!L121 -> 125 | ... Y49: =+'Raw data'!Q121 -> 1.76
A50: 2025 | B50: Regular | C50: =+C49 -> 3 | D50: =+D48+1 -> 25 | E50: =+'Raw data'!A101 -> Karafli Saita | F50: =VLOOKUP(E50,Data!$E$2626:$F$2645,2,FALSE) -> Tassos | H50: =+'Raw data'!A122 -> 11 | I50: =+'Raw data'!B122 -> 2 | J50: =+'Raw data'!C122 -> 0 | M50: =+'Raw data'!E122 -> 242 | N50: =+'Raw data'!F122 -> 0.487 | O50: =+'Raw data'!G122 -> 50 | P50: =+'Raw data'!H122 -> 0.298 | Q50: =+'Raw data'!I122 -> 0.797 | R50: =+'Raw data'!J122 -> 648 | S50: =+'Raw data'!K122 -> 40 | T50: =+'Raw data'!L122 -> 146 | ... Y50: =+'Raw data'!Q122 -> 1.78
A51: 2025 | B51: Regular | C51: =+C50 -> 3 | D51: =+D49+1 -> 25 | E51: =+'Raw data'!A102 -> Heraklion Snakes | F51: =VLOOKUP(E51,Data!$E$2626:$F$2645,2,FALSE) -> Dimitris | H51: =+'Raw data'!A123 -> 2 | I51: =+'Raw data'!B123 -> 11 | J51: =+'Raw data'!C123 -> 0 | M51: =+'Raw data'!E123 -> 76 | N51: =+'Raw data'!F123 -> 0.434 | O51: =+'Raw data'!G123 -> 19 | P51: =+'Raw data'!H123 -> 0.328 | Q51: =+'Raw data'!I123 -> 0.694 | R51: =+'Raw data'!J123 -> 196 | S51: =+'Raw data'!K123 -> 29 | T51: =+'Raw data'!L123 -> 60 | ... Y51: =+'Raw data'!Q123 -> 1.63
A52: 2025 | B52: Regular | C52: =+C51 -> 3 | D52: =+D50+1 -> 26 | E52: =+'Raw data'!A103 -> Pachiana NinjaBees | F52: =VLOOKUP(E52,Data!$E$2626:$F$2645,2,FALSE) -> Spiridaus/Oladipas | H52: =+'Raw data'!A124 -> 6 | I52: =+'Raw data'!B124 -> 7 | J52: =+'Raw data'!C124 -> 0 | M52: =+'Raw data'!E124 -> 147 | N52: =+'Raw data'!F124 -> 0.468 | O52: =+'Raw data'!G124 -> 43 | P52: =+'Raw data'!H124 -> 0.368 | Q52: =+'Raw data'!I124 -> 0.835 | R52: =+'Raw data'!J124 -> 403 | S52: =+'Raw data'!K124 -> 38 | T52: =+'Raw data'!L124 -> 99 | ... Y52: =+'Raw data'!Q124 -> 1.65
A53: 2025 | B53: Regular | C53: =+C52 -> 3 | D53: =+D51+1 -> 26 | E53: =+'Raw data'!A104 -> Guruuu 🐐🐐🐐 | F53: =VLOOKUP(E53,Data!$E$2626:$F$2645,2,FALSE) -> Guru | H53: =+'Raw data'!A125 -> 7 | I53: =+'Raw data'!B125 -> 6 | J53: =+'Raw data'!C125 -> 0 | M53: =+'Raw data'!E125 -> 183 | N53: =+'Raw data'!F125 -> 0.485 | O53: =+'Raw data'!G125 -> 55 | P53: =+'Raw data'!H125 -> 0.367 | Q53: =+'Raw data'!I125 -> 0.784 | R53: =+'Raw data'!J125 -> 512 | S53: =+'Raw data'!K125 -> 33 | T53: =+'Raw data'!L125 -> 133 | ... Y53: =+'Raw data'!Q125 -> 1.88
A54: 2025 | B54: Regular | C54: =+C53 -> 3 | D54: =+D52+1 -> 27 | E54: =+'Raw data'!A105 -> st.Helens Eruptions | F54: =VLOOKUP(E54,Data!$E$2626:$F$2645,2,FALSE) -> Aris | H54: =+'Raw data'!A126 -> 5 | I54: =+'Raw data'!B126 -> 8 | J54: =+'Raw data'!C126 -> 0 | M54: =+'Raw data'!E126 -> 146 | N54: =+'Raw data'!F126 -> 0.465 | O54: =+'Raw data'!G126 -> 39 | P54: =+'Raw data'!H126 -> 0.339 | Q54: =+'Raw data'!I126 -> 0.828 | R54: =+'Raw data'!J126 -> 384 | S54: =+'Raw data'!K126 -> 37 | T54: =+'Raw data'!L126 -> 119 | ... Y54: =+'Raw data'!Q126 -> 1.59
... A61: 2025 | B61: Regular | C61: =+C60 -> 3 | D61: =+D59+1 -> 30 | E61: =+'Raw data'!A112 -> Samarina Dudenbros | F61: =VLOOKUP(E61,Data!$E$2626:$F$2645,2,FALSE) -> Sakellariou | H61: =+'Raw data'!A133 -> 7 | I61: =+'Raw data'!B133 -> 6 | J61: =+'Raw data'!C133 -> 0 | M61: =+'Raw data'!E133 -> 175 | N61: =+'Raw data'!F133 -> 0.468 | O61: =+'Raw data'!G133 -> 74 | P61: =+'Raw data'!H133 -> 0.435 | Q61: =+'Raw data'!I133 -> 0.929 | R61: =+'Raw data'!J133 -> 503 | S61: =+'Raw data'!K133 -> 31 | T61: =+'Raw data'!L133 -> 94 | ... Y61: =+'Raw data'!Q133 -> 2.68
A62: 2025 | B62: Regular | C62: =+C61+1 -> 4 | D62: =+D60+1 -> 31 | E62: =+'Raw data'!A137 -> LRBP PR3DATORS | F62: =VLOOKUP(E62,Data!$E$2626:$F$2645,2,FALSE) -> Lafa | H62: =+'Raw data'!A158 -> 7 | I62: =+'Raw data'!B158 -> 6 | J62: =+'Raw data'!C158 -> 0 | M62: =+'Raw data'!E158 -> 219 | N62: =+'Raw data'!F158 -> 0.465 | O62: =+'Raw data'!G158 -> 67 | P62: =+'Raw data'!H158 -> 0.396 | Q62: =+'Raw data'!I158 -> 0.811 | R62: =+'Raw data'!J158 -> 642 | S62: =+'Raw data'!K158 -> 58 | T62: =+'Raw data'!L158 -> 156 | ... Y62: =+'Raw data'!Q158 -> 1.79
A63: 2025 | B63: Regular | C63: =+C62 -> 4 | D63: =+D61+1 -> 31 | E63: =+'Raw data'!A138 -> Tsarlatans | F63: =VLOOKUP(E63,Data!$E$2626:$F$2645,2,FALSE) -> Tzokos | H63: =+'Raw data'!A159 -> 6 | I63: =+'Raw data'!B159 -> 7 | J63: =+'Raw data'!C159 -> 0 | M63: =+'Raw data'!E159 -> 182 | N63: =+'Raw data'!F159 -> 0.519 | O63: =+'Raw data'!G159 -> 52 | P63: =+'Raw data'!H159 -> 0.419 | Q63: =+'Raw data'!I159 -> 0.832 | R63: =+'Raw data'!J159 -> 505 | S63: =+'Raw data'!K159 -> 60 | T63: =+'Raw data'!L159 -> 165 | ... Y63: =+'Raw data'!Q159 -> 1.61
A64: 2025 | B64: Regular | C64: =+C63 -> 4 | D64: =+D62+1 -> 32 | E64: =+'Raw data'!A139 -> The Guns | F64: =VLOOKUP(E64,Data!$E$2626:$F$2645,2,FALSE) -> Vasilis | H64: =+'Raw data'!A160 -> 10 | I64: =+'Raw data'!B160 -> 3 | J64: =+'Raw data'!C160 -> 0 | M64: =+'Raw data'!E160 -> 157 | N64: =+'Raw data'!F160 -> 0.44 | O64: =+'Raw data'!G160 -> 58 | P64: =+'Raw data'!H160 -> 0.345 | Q64: =+'Raw data'!I160 -> 0.878 | R64: =+'Raw data'!J160 -> 458 | S64: =+'Raw data'!K160 -> 26 | T64: =+'Raw data'!L160 -> 114 | ... Y64: =+'Raw data'!Q160 -> 1.61
A65: 2025 | B65: Regular | C65: =+C64 -> 4 | D65: =+D63+1 -> 32 | E65: =+'Raw data'!A140 -> Hércules Pals | F65: =VLOOKUP(E65,Data!$E$2626:$F$2645,2,FALSE) -> #N/A | H65: =+'Raw data'!A161 -> 3 | I65: =+'Raw data'!B161 -> 10 | J65: =+'Raw data'!C161 -> 0 | M65: =+'Raw data'!E161 -> 89 | N65: =+'Raw data'!F161 -> 0.426 | O65: =+'Raw data'!G161 -> 38 | P65: =+'Raw data'!H161 -> 0.325 | Q65: =+'Raw data'!I161 -> 0.896 | R65: =+'Raw data'!J161 -> 259 | S65: =+'Raw data'!K161 -> 42 | T65: =+'Raw data'!L161 -> 90 | ... Y65: =+'Raw data'!Q161 -> 1.11
A66: 2025 | B66: Regular | C66: =+C65 -> 4 | D66: =+D64+1 -> 33 | E66: =+'Raw data'!A141 -> Xanthi Ducks 🦆 | F66: =VLOOKUP(E66,Data!$E$2626:$F$2645,2,FALSE) -> Kotakis | H66: =+'Raw data'!A162 -> 5 | I66: =+'Raw data'!B162 -> 8 | J66: =+'Raw data'!C162 -> 0 | M66: =+'Raw data'!E162 -> 144 | N66: =+'Raw data'!F162 -> 0.491 | O66: =+'Raw data'!G162 -> 37 | P66: =+'Raw data'!H162 -> 0.336 | Q66: =+'Raw data'!I162 -> 0.742 | R66: =+'Raw data'!J162 -> 371 | S66: =+'Raw data'!K162 -> 44 | T66: =+'Raw data'!L162 -> 128 | ... Y66: =+'Raw data'!Q162 -> 1.66
A67: 2025 | B67: Regular | C67: =+C66 -> 4 | D67: =+D65+1 -> 33 | E67: =+'Raw data'!A142 -> Fighting Thaddeus | F67: =VLOOKUP(E67,Data!$E$2626:$F$2645,2,FALSE) -> Stavros | H67: =+'Raw data'!A163 -> 8 | I67: =+'Raw data'!B163 -> 5 | J67: =+'Raw data'!C163 -> 0 | M67: =+'Raw data'!E163 -> 155 | N67: =+'Raw data'!F163 -> 0.456 | O67: =+'Raw data'!G163 -> 72 | P67: =+'Raw data'!H163 -> 0.396 | Q67: =+'Raw data'!I163 -> 0.814 | R67: =+'Raw data'!J163 -> 452 | S67: =+'Raw data'!K163 -> 18 | T67: =+'Raw data'!L163 -> 103 | ... Y67: =+'Raw data'!Q163 -> 2.85
A68: 2025 | B68: Regular | C68: =+C67 -> 4 | D68: =+D66+1 -> 34 | E68: =+'Raw data'!A143 -> Kourayo Vallecano | F68: =VLOOKUP(E68,Data!$E$2626:$F$2645,2,FALSE) -> Ziogas/Christof | H68: =+'Raw data'!A164 -> 10 | I68: =+'Raw data'!B164 -> 2 | J68: =+'Raw data'!C164 -> 1 | M68: =+'Raw data'!E164 -> 200 | N68: =+'Raw data'!F164 -> 0.489 | O68: =+'Raw data'!G164 -> 76 | P68: =+'Raw data'!H164 -> 0.409 | Q68: =+'Raw data'!I164 -> 0.876 | R68: =+'Raw data'!J164 -> 582 | S68: =+'Raw data'!K164 -> 53 | T68: =+'Raw data'!L164 -> 132 | ... Y68: =+'Raw data'!Q164 -> 2.88
A69: 2025 | B69: Regular | C69: =+C68 -> 4 | D69: =+D67+1 -> 34 | E69: =+'Raw data'!A144 -> Karafli Saita | F69: =VLOOKUP(E69,Data!$E$2626:$F$2645,2,FALSE) -> Tassos | H69: =+'Raw data'!A165 -> 2 | I69: =+'Raw data'!B165 -> 10 | J69: =+'Raw data'!C165 -> 1 | M69: =+'Raw data'!E165 -> 189 | N69: =+'Raw data'!F165 -> 0.451 | O69: =+'Raw data'!G165 -> 36 | P69: =+'Raw data'!H165 -> 0.293 | Q69: =+'Raw data'!I165 -> 0.794 | R69: =+'Raw data'!J165 -> 522 | S69: =+'Raw data'!K165 -> 37 | T69: =+'Raw data'!L165 -> 135 | ... Y69: =+'Raw data'!Q165 -> 2.32
A70: 2025 | B70: Regular | C70: =+C69 -> 4 | D70: =+D68+1 -> 35 | E70: =+'Raw data'!A145 -> The Bridgeburners | F70: =VLOOKUP(E70,Data!$E$2626:$F$2645,2,FALSE) -> Fanis | H70: =+'Raw data'!A166 -> 8 | I70: =+'Raw data'!B166 -> 5 | J70: =+'Raw data'!C166 -> 0 | M70: =+'Raw data'!E166 -> 180 | N70: =+'Raw data'!F166 -> 0.497 | O70: =+'Raw data'!G166 -> 45 | P70: =+'Raw data'!H166 -> 0.381 | Q70: =+'Raw data'!I166 -> 0.794 | R70: =+'Raw data'!J166 -> 536 | S70: =+'Raw data'!K166 -> 63 | T70: =+'Raw data'!L166 -> 154 | ... Y70: =+'Raw data'!Q166 -> 1.38
A71: 2025 | B71: Regular | C71: =+C70 -> 4 | D71: =+D69+1 -> 35 | E71: =+'Raw data'!A146 -> Pachiana NinjaBees | F71: =VLOOKUP(E71,Data!$E$2626:$F$2645,2,FALSE) -> Spiridaus/Oladipas | H71: =+'Raw data'!A167 -> 5 | I71: =+'Raw data'!B167 -> 8 | J71: =+'Raw data'!C167 -> 0 | M71: =+'Raw data'!E167 -> 172 | N71: =+'Raw data'!F167 -> 0.499 | O71: =+'Raw data'!G167 -> 42 | P71: =+'Raw data'!H167 -> 0.372 | Q71: =+'Raw data'!I167 -> 0.79 | R71: =+'Raw data'!J167 -> 469 | S71: =+'Raw data'!K167 -> 49 | T71: =+'Raw data'!L167 -> 138 | ... Y71: =+'Raw data'!Q167 -> 2.22
A72: 2025 | B72: Regular | C72: =+C71 -> 4 | D72: =+D70+1 -> 36 | E72: =+'Raw data'!A147 -> Heraklion Snakes | F72: =VLOOKUP(E72,Data!$E$2626:$F$2645,2,FALSE) -> Dimitris | H72: =+'Raw data'!A168 -> 4 | I72: =+'Raw data'!B168 -> 9 | J72: =+'Raw data'!C168 -> 0 | M72: =+'Raw data'!E168 -> 54 | N72: =+'Raw data'!F168 -> 0.432 | O72: =+'Raw data'!G168 -> 22 | P72: =+'Raw data'!H168 -> 0.415 | Q72: =+'Raw data'!I168 -> 0.846 | R72: =+'Raw data'!J168 -> 163 | S72: =+'Raw data'!K168 -> 17 | T72: =+'Raw data'!L168 -> 48 | ... Y72: =+'Raw data'!Q168 -> 1.76
A73: 2025 | B73: Regular | C73: =+C72 -> 4 | D73: =+D71+1 -> 36 | E73: =+'Raw data'!A148 -> st.Helens Eruptions | F73: =VLOOKUP(E73,Data!$E$2626:$F$2645,2,FALSE) -> Aris | H73: =+'Raw data'!A169 -> 9 | I73: =+'Raw data'!B169 -> 4 | J73: =+'Raw data'!C169 -> 0 | M73: =+'Raw data'!E169 -> 137 | N73: =+'Raw data'!F169 -> 0.469 | O73: =+'Raw data'!G169 -> 38 | P73: =+'Raw data'!H169 -> 0.325 | Q73: =+'Raw data'!I169 -> 0.792 | R73: =+'Raw data'!J169 -> 350 | S73: =+'Raw data'!K169 -> 31 | T73: =+'Raw data'!L169 -> 101 | ... Y73: =+'Raw data'!Q169 -> 1.54
A74: 2025 | B74: Regular | C74: =+C73 -> 4 | D74: =+D72+1 -> 37 | E74: =+'Raw data'!A149 -> Guruuu 🐐🐐🐐 | F74: =VLOOKUP(E74,Data!$E$2626:$F$2645,2,FALSE) -> Guru | H74: =+'Raw data'!A170 -> 8 | I74: =+'Raw data'!B170 -> 5 | J74: =+'Raw data'!C170 -> 0 | M74: =+'Raw data'!E170 -> 193 | N74: =+'Raw data'!F170 -> 0.465 | O74: =+'Raw data'!G170 -> 65 | P74: =+'Raw data'!H170 -> 0.359 | Q74: =+'Raw data'!I170 -> 0.794 | R74: =+'Raw data'!J170 -> 578 | S74: =+'Raw data'!K170 -> 35 | T74: =+'Raw data'!L170 -> 114 | ... Y74: =+'Raw data'!Q170 -> 2.08
... A81: 2025 | B81: Regular | C81: =+C80 -> 4 | D81: =+D79+1 -> 40 | E81: =+'Raw data'!A156 -> Samarina Dudenbros | F81: =VLOOKUP(E81,Data!$E$2626:$F$2645,2,FALSE) -> Sakellariou | H81: =+'Raw data'!A177 -> 4 | I81: =+'Raw data'!B177 -> 8 | J81: =+'Raw data'!C177 -> 1 | M81: =+'Raw data'!E177 -> 147 | N81: =+'Raw data'!F177 -> 0.432 | O81: =+'Raw data'!G177 -> 52 | P81: =+'Raw data'!H177 -> 0.333 | Q81: =+'Raw data'!I177 -> 0.861 | R81: =+'Raw data'!J177 -> 433 | S81: =+'Raw data'!K177 -> 40 | T81: =+'Raw data'!L177 -> 106 | ... Y81: =+'Raw data'!Q177 -> 1.98
A82: 2025 | B82: Regular | C82: =+C81+1 -> 5 | D82: =+D80+1 -> 41 | E82: =+'Raw data'!A181 -> Hércules Pals | F82: =VLOOKUP(E82,Data!$E$2626:$F$2645,2,FALSE) -> #N/A | H82: =+'Raw data'!A202 -> 6 | I82: =+'Raw data'!B202 -> 7 | J82: =+'Raw data'!C202 -> 0 | M82: =+'Raw data'!E202 -> 101 | N82: =+'Raw data'!F202 -> 0.463 | O82: =+'Raw data'!G202 -> 43 | P82: =+'Raw data'!H202 -> 0.391 | Q82: =+'Raw data'!I202 -> 0.786 | R82: =+'Raw data'!J202 -> 278 | S82: =+'Raw data'!K202 -> 49 | T82: =+'Raw data'!L202 -> 80 | ... Y82: =+'Raw data'!Q202 -> 1.61
A83: 2025 | B83: Regular | C83: =+C82 -> 5 | D83: =+D81+1 -> 41 | E83: =+'Raw data'!A182 -> LRBP PR3DATORS | F83: =VLOOKUP(E83,Data!$E$2626:$F$2645,2,FALSE) -> Lafa | H83: =+'Raw data'!A203 -> 7 | I83: =+'Raw data'!B203 -> 6 | J83: =+'Raw data'!C203 -> 0 | M83: =+'Raw data'!E203 -> 157 | N83: =+'Raw data'!F203 -> 0.486 | O83: =+'Raw data'!G203 -> 40 | P83: =+'Raw data'!H203 -> 0.336 | Q83: =+'Raw data'!I203 -> 0.774 | R83: =+'Raw data'!J203 -> 460 | S83: =+'Raw data'!K203 -> 27 | T83: =+'Raw data'!L203 -> 126 | ... Y83: =+'Raw data'!Q203 -> 1.78
A84: 2025 | B84: Regular | C84: =+C83 -> 5 | D84: =+D82+1 -> 42 | E84: =+'Raw data'!A183 -> Fighting Thaddeus | F84: =VLOOKUP(E84,Data!$E$2626:$F$2645,2,FALSE) -> Stavros | H84: =+'Raw data'!A204 -> 3 | I84: =+'Raw data'!B204 -> 10 | J84: =+'Raw data'!C204 -> 0 | M84: =+'Raw data'!E204 -> 109 | N84: =+'Raw data'!F204 -> 0.424 | O84: =+'Raw data'!G204 -> 47 | P84: =+'Raw data'!H204 -> 0.364 | Q84: =+'Raw data'!I204 -> 0.821 | R84: =+'Raw data'!J204 -> 297 | S84: =+'Raw data'!K204 -> 23 | T84: =+'Raw data'!L204 -> 85 | ... Y84: =+'Raw data'!Q204 -> 2.23
A85: 2025 | B85: Regular | C85: =+C84 -> 5 | D85: =+D83+1 -> 42 | E85: =+'Raw data'!A184 -> Tsarlatans | F85: =VLOOKUP(E85,Data!$E$2626:$F$2645,2,FALSE) -> Tzokos | H85: =+'Raw data'!A205 -> 10 | I85: =+'Raw data'!B205 -> 3 | J85: =+'Raw data'!C205 -> 0 | M85: =+'Raw data'!E205 -> 170 | N85: =+'Raw data'!F205 -> 0.483 | O85: =+'Raw data'!G205 -> 50 | P85: =+'Raw data'!H205 -> 0.431 | Q85: =+'Raw data'!I205 -> 0.815 | R85: =+'Raw data'!J205 -> 465 | S85: =+'Raw data'!K205 -> 62 | T85: =+'Raw data'!L205 -> 177 | ... Y85: =+'Raw data'!Q205 -> 1.98
A86: 2025 | B86: Regular | C86: =+C85 -> 5 | D86: =+D84+1 -> 43 | E86: =+'Raw data'!A185 -> Karafli Saita | F86: =VLOOKUP(E86,Data!$E$2626:$F$2645,2,FALSE) -> Tassos | H86: =+'Raw data'!A206 -> 7 | I86: =+'Raw data'!B206 -> 6 | J86: =+'Raw data'!C206 -> 0 | M86: =+'Raw data'!E206 -> 246 | N86: =+'Raw data'!F206 -> 0.49 | O86: =+'Raw data'!G206 -> 65 | P86: =+'Raw data'!H206 -> 0.351 | Q86: =+'Raw data'!I206 -> 0.819 | R86: =+'Raw data'!J206 -> 675 | S86: =+'Raw data'!K206 -> 47 | T86: =+'Raw data'!L206 -> 160 | ... Y86: =+'Raw data'!Q206 -> 1.83
A87: 2025 | B87: Regular | C87: =+C86 -> 5 | D87: =+D85+1 -> 43 | E87: =+'Raw data'!A186 -> The Guns | F87: =VLOOKUP(E87,Data!$E$2626:$F$2645,2,FALSE) -> Vasilis | H87: =+'Raw data'!A207 -> 6 | I87: =+'Raw data'!B207 -> 7 | J87: =+'Raw data'!C207 -> 0 | M87: =+'Raw data'!E207 -> 197 | N87: =+'Raw data'!F207 -> 0.521 | O87: =+'Raw data'!G207 -> 71 | P87: =+'Raw data'!H207 -> 0.418 | Q87: =+'Raw data'!I207 -> 0.854 | R87: =+'Raw data'!J207 -> 576 | S87: =+'Raw data'!K207 -> 20 | T87: =+'Raw data'!L207 -> 103 | ... Y87: =+'Raw data'!Q207 -> 1.84
A88: 2025 | B88: Regular | C88: =+C87 -> 5 | D88: =+D86+1 -> 44 | E88: =+'Raw data'!A187 -> Pachiana NinjaBees | F88: =VLOOKUP(E88,Data!$E$2626:$F$2645,2,FALSE) -> Spiridaus/Oladipas | H88: =+'Raw data'!A208 -> 5 | I88: =+'Raw data'!B208 -> 8 | J88: =+'Raw data'!C208 -> 0 | M88: =+'Raw data'!E208 -> 161 | N88: =+'Raw data'!F208 -> 0.503 | O88: =+'Raw data'!G208 -> 42 | P88: =+'Raw data'!H208 -> 0.385 | Q88: =+'Raw data'!I208 -> 0.776 | R88: =+'Raw data'!J208 -> 402 | S88: =+'Raw data'!K208 -> 38 | T88: =+'Raw data'!L208 -> 92 | ... Y88: =+'Raw data'!Q208 -> 2.3
A89: 2025 | B89: Regular | C89: =+C88 -> 5 | D89: =+D87+1 -> 44 | E89: =+'Raw data'!A188 -> Xanthi Ducks 🦆 | F89: =VLOOKUP(E89,Data!$E$2626:$F$2645,2,FALSE) -> Kotakis | H89: =+'Raw data'!A209 -> 8 | I89: =+'Raw data'!B209 -> 5 | J89: =+'Raw data'!C209 -> 0 | M89: =+'Raw data'!E209 -> 120 | N89: =+'Raw data'!F209 -> 0.515 | O89: =+'Raw data'!G209 -> 46 | P89: =+'Raw data'!H209 -> 0.407 | Q89: =+'Raw data'!I209 -> 0.79 | R89: =+'Raw data'!J209 -> 350 | S89: =+'Raw data'!K209 -> 33 | T89: =+'Raw data'!L209 -> 103 | ... Y89: =+'Raw data'!Q209 -> 1.93
A90: 2025 | B90: Regular | C90: =+C89 -> 5 | D90: =+D88+1 -> 45 | E90: =+'Raw data'!A189 -> st.Helens Eruptions | F90: =VLOOKUP(E90,Data!$E$2626:$F$2645,2,FALSE) -> Aris | H90: =+'Raw data'!A210 -> 4 | I90: =+'Raw data'!B210 -> 9 | J90: =+'Raw data'!C210 -> 0 | M90: =+'Raw data'!E210 -> 144 | N90: =+'Raw data'!F210 -> 0.503 | O90: =+'Raw data'!G210 -> 44 | P90: =+'Raw data'!H210 -> 0.379 | Q90: =+'Raw data'!I210 -> 0.764 | R90: =+'Raw data'!J210 -> 387 | S90: =+'Raw data'!K210 -> 38 | T90: =+'Raw data'!L210 -> 90 | ... Y90: =+'Raw data'!Q210 -> 1.37
A91: 2025 | B91: Regular | C91: =+C90 -> 5 | D91: =+D89+1 -> 45 | E91: =+'Raw data'!A190 -> Kourayo Vallecano | F91: =VLOOKUP(E91,Data!$E$2626:$F$2645,2,FALSE) -> Ziogas/Christof | H91: =+'Raw data'!A211 -> 9 | I91: =+'Raw data'!B211 -> 4 | J91: =+'Raw data'!C211 -> 0 | M91: =+'Raw data'!E211 -> 187 | N91: =+'Raw data'!F211 -> 0.456 | O91: =+'Raw data'!G211 -> 52 | P91: =+'Raw data'!H211 -> 0.317 | Q91: =+'Raw data'!I211 -> 0.829 | R91: =+'Raw data'!J211 -> 523 | S91: =+'Raw data'!K211 -> 52 | T91: =+'Raw data'!L211 -> 121 | ... Y91: =+'Raw data'!Q211 -> 1.89
A92: 2025 | B92: Regular | C92: =+C91 -> 5 | D92: =+D90+1 -> 46 | E92: =+'Raw data'!A191 -> Paralouistas | F92: =VLOOKUP(E92,Data!$E$2626:$F$2645,2,FALSE) -> Panos | H92: =+'Raw data'!A212 -> 1 | I92: =+'Raw data'!B212 -> 11 | J92: =+'Raw data'!C212 -> 1 | M92: =+'Raw data'!E212 -> 120 | N92: =+'Raw data'!F212 -> 0.399 | O92: =+'Raw data'!G212 -> 34 | P92: =+'Raw data'!H212 -> 0.318 | Q92: =+'Raw data'!I212 -> 0.8 | R92: =+'Raw data'!J212 -> 342 | S92: =+'Raw data'!K212 -> 33 | T92: =+'Raw data'!L212 -> 98 | ... Y92: =+'Raw data'!Q212 -> 1.79
A93: 2025 | B93: Regular | C93: =+C92 -> 5 | D93: =+D91+1 -> 46 | E93: =+'Raw data'!A192 -> The Bridgeburners | F93: =VLOOKUP(E93,Data!$E$2626:$F$2645,2,FALSE) -> Fanis | H93: =+'Raw data'!A213 -> 11 | I93: =+'Raw data'!B213 -> 1 | J93: =+'Raw data'!C213 -> 1 | M93: =+'Raw data'!E213 -> 177 | N93: =+'Raw data'!F213 -> 0.518 | O93: =+'Raw data'!G213 -> 35 | P93: =+'Raw data'!H213 -> 0.398 | Q93: =+'Raw data'!I213 -> 0.725 | R93: =+'Raw data'!J213 -> 468 | S93: =+'Raw data'!K213 -> 55 | T93: =+'Raw data'!L213 -> 157 | ... Y93: =+'Raw data'!Q213 -> 1.98
A94: 2025 | B94: Regular | C94: =+C93 -> 5 | D94: =+D92+1 -> 47 | E94: =+'Raw data'!A193 -> Steven Adams' Moustache | F94: =VLOOKUP(E94,Data!$E$2626:$F$2645,2,FALSE) -> Johnny | H94: =+'Raw data'!A214 -> 9 | I94: =+'Raw data'!B214 -> 3 | J94: =+'Raw data'!C214 -> 1 | M94: =+'Raw data'!E214 -> 125 | N94: =+'Raw data'!F214 -> 0.479 | O94: =+'Raw data'!G214 -> 56 | P94: =+'Raw data'!H214 -> 0.412 | Q94: =+'Raw data'!I214 -> 0.863 | R94: =+'Raw data'!J214 -> 350 | S94: =+'Raw data'!K214 -> 32 | T94: =+'Raw data'!L214 -> 90 | ... Y94: =+'Raw data'!Q214 -> 1.76
... A101: 2025 | B101: Regular | C101: =+C100 -> 5 | D101: =+D99+1 -> 50 | E101: =+'Raw data'!A200 -> purple fuzzy apache pirates | F101: =VLOOKUP(E101,Data!$E$2626:$F$2645,2,FALSE) -> pi/Sotiris | H101: =+'Raw data'!A221 -> 7 | I101: =+'Raw data'!B221 -> 6 | J101: =+'Raw data'!C221 -> 0 | M101: =+'Raw data'!E221 -> 207 | N101: =+'Raw data'!F221 -> 0.529 | O101: =+'Raw data'!G221 -> 59 | P101: =+'Raw data'!H221 -> 0.415 | Q101: =+'Raw data'!I221 -> 0.788 | R101: =+'Raw data'!J221 -> 581 | S101: =+'Raw data'!K221 -> 57 | T101: =+'Raw data'!L221 -> 146 | ... Y101: =+'Raw data'!Q221 -> 1.96
A102: 2025 | B102: Regular | C102: =+C101+1 -> 6 | D102: =+D100+1 -> 51 | E102: =+'Raw data'!A225 -> LRBP PR3DATORS | F102: =VLOOKUP(E102,Data!$E$2626:$F$2645,2,FALSE) -> Lafa | H102: =+'Raw data'!A246 -> 7 | I102: =+'Raw data'!B246 -> 6 | J102: =+'Raw data'!C246 -> 0 | M102: =+'Raw data'!E246 -> 184 | N102: =+'Raw data'!F246 -> 0.482 | O102: =+'Raw data'!G246 -> 57 | P102: =+'Raw data'!H246 -> 0.363 | Q102: =+'Raw data'!I246 -> 0.801 | R102: =+'Raw data'!J246 -> 546 | S102: =+'Raw data'!K246 -> 36 | T102: =+'Raw data'!L246 -> 115 | ... Y102: =+'Raw data'!Q246 -> 2.3
A103: 2025 | B103: Regular | C103: =+C102 -> 6 | D103: =+D101+1 -> 51 | E103: =+'Raw data'!A226 -> Fighting Thaddeus | F103: =VLOOKUP(E103,Data!$E$2626:$F$2645,2,FALSE) -> Stavros | H103: =+'Raw data'!A247 -> 6 | I103: =+'Raw data'!B247 -> 7 | J103: =+'Raw data'!C247 -> 0 | M103: =+'Raw data'!E247 -> 121 | N103: =+'Raw data'!F247 -> 0.5 | O103: =+'Raw data'!G247 -> 60 | P103: =+'Raw data'!H247 -> 0.492 | Q103: =+'Raw data'!I247 -> 0.849 | R103: =+'Raw data'!J247 -> 347 | S103: =+'Raw data'!K247 -> 24 | T103: =+'Raw data'!L247 -> 83 | ... Y103: =+'Raw data'!Q247 -> 1.86
A104: 2025 | B104: Regular | C104: =+C103 -> 6 | D104: =+D102+1 -> 52 | E104: =+'Raw data'!A227 -> Hércules Pals | F104: =VLOOKUP(E104,Data!$E$2626:$F$2645,2,FALSE) -> #N/A | H104: =+'Raw data'!A248 -> 3 | I104: =+'Raw data'!B248 -> 10 | J104: =+'Raw data'!C248 -> 0 | M104: =+'Raw data'!E248 -> 131 | N104: =+'Raw data'!F248 -> 0.447 | O104: =+'Raw data'!G248 -> 48 | P104: =+'Raw data'!H248 -> 0.343 | Q104: =+'Raw data'!I248 -> 0.783 | R104: =+'Raw data'!J248 -> 375 | S104: =+'Raw data'!K248 -> 51 | T104: =+'Raw data'!L248 -> 111 | ... Y104: =+'Raw data'!Q248 -> 1.63
A105: 2025 | B105: Regular | C105: =+C104 -> 6 | D105: =+D103+1 -> 52 | E105: =+'Raw data'!A228 -> Karafli Saita | F105: =VLOOKUP(E105,Data!$E$2626:$F$2645,2,FALSE) -> Tassos | H105: =+'Raw data'!A249 -> 10 | I105: =+'Raw data'!B249 -> 3 | J105: =+'Raw data'!C249 -> 0 | M105: =+'Raw data'!E249 -> 211 | N105: =+'Raw data'!F249 -> 0.467 | O105: =+'Raw data'!G249 -> 59 | P105: =+'Raw data'!H249 -> 0.388 | Q105: =+'Raw data'!I249 -> 0.797 | R105: =+'Raw data'!J249 -> 607 | S105: =+'Raw data'!K249 -> 43 | T105: =+'Raw data'!L249 -> 151 | ... Y105: =+'Raw data'!Q249 -> 1.9
A106: 2025 | B106: Regular | C106: =+C105 -> 6 | D106: =+D104+1 -> 53 | E106: =+'Raw data'!A229 -> Tsarlatans | F106: =VLOOKUP(E106,Data!$E$2626:$F$2645,2,FALSE) -> Tzokos | H106: =+'Raw data'!A250 -> 3 | I106: =+'Raw data'!B250 -> 9 | J106: =+'Raw data'!C250 -> 1 | M106: =+'Raw data'!E250 -> 150 | N106: =+'Raw data'!F250 -> 0.466 | O106: =+'Raw data'!G250 -> 43 | P106: =+'Raw data'!H250 -> 0.341 | Q106: =+'Raw data'!I250 -> 0.798 | R106: =+'Raw data'!J250 -> 410 | S106: =+'Raw data'!K250 -> 49 | T106: =+'Raw data'!L250 -> 141 | ... Y106: =+'Raw data'!Q250 -> 1.54
A107: 2025 | B107: Regular | C107: =+C106 -> 6 | D107: =+D105+1 -> 53 | E107: =+'Raw data'!A230 -> Pachiana NinjaBees | F107: =VLOOKUP(E107,Data!$E$2626:$F$2645,2,FALSE) -> Spiridaus/Oladipas | H107: =+'Raw data'!A251 -> 9 | I107: =+'Raw data'!B251 -> 3 | J107: =+'Raw data'!C251 -> 1 | M107: =+'Raw data'!E251 -> 172 | N107: =+'Raw data'!F251 -> 0.464 | O107: =+'Raw data'!G251 -> 51 | P107: =+'Raw data'!H251 -> 0.349 | Q107: =+'Raw data'!I251 -> 0.867 | R107: =+'Raw data'!J251 -> 473 | S107: =+'Raw data'!K251 -> 49 | T107: =+'Raw data'!L251 -> 120 | ... Y107: =+'Raw data'!Q251 -> 2.01
A108: 2025 | B108: Regular | C108: =+C107 -> 6 | D108: =+D106+1 -> 54 | E108: =+'Raw data'!A231 -> The Guns | F108: =VLOOKUP(E108,Data!$E$2626:$F$2645,2,FALSE) -> Vasilis | H108: =+'Raw data'!A252 -> 9 | I108: =+'Raw data'!B252 -> 4 | J108: =+'Raw data'!C252 -> 0 | M108: =+'Raw data'!E252 -> 178 | N108: =+'Raw data'!F252 -> 0.461 | O108: =+'Raw data'!G252 -> 69 | P108: =+'Raw data'!H252 -> 0.369 | Q108: =+'Raw data'!I252 -> 0.85 | R108: =+'Raw data'!J252 -> 521 | S108: =+'Raw data'!K252 -> 15 | T108: =+'Raw data'!L252 -> 97 | ... Y108: =+'Raw data'!Q252 -> 2.19
A109: 2025 | B109: Regular | C109: =+C108 -> 6 | D109: =+D107+1 -> 54 | E109: =+'Raw data'!A232 -> st.Helens Eruptions | F109: =VLOOKUP(E109,Data!$E$2626:$F$2645,2,FALSE) -> Aris | H109: =+'Raw data'!A253 -> 4 | I109: =+'Raw data'!B253 -> 9 | J109: =+'Raw data'!C253 -> 0 | M109: =+'Raw data'!E253 -> 152 | N109: =+'Raw data'!F253 -> 0.481 | O109: =+'Raw data'!G253 -> 35 | P109: =+'Raw data'!H253 -> 0.354 | Q109: =+'Raw data'!I253 -> 0.737 | R109: =+'Raw data'!J253 -> 409 | S109: =+'Raw data'!K253 -> 31 | T109: =+'Raw data'!L253 -> 104 | ... Y109: =+'Raw data'!Q253 -> 1.67
A110: 2025 | B110: Regular | C110: =+C109 -> 6 | D110: =+D108+1 -> 55 | E110: =+'Raw data'!A233 -> Xanthi Ducks 🦆 | F110: =VLOOKUP(E110,Data!$E$2626:$F$2645,2,FALSE) -> Kotakis | H110: =+'Raw data'!A254 -> 9 | I110: =+'Raw data'!B254 -> 1 | J110: =+'Raw data'!C254 -> 3 | M110: =+'Raw data'!E254 -> 133 | N110: =+'Raw data'!F254 -> 0.462 | O110: =+'Raw data'!G254 -> 61 | P110: =+'Raw data'!H254 -> 0.399 | Q110: =+'Raw data'!I254 -> 0.913 | R110: =+'Raw data'!J254 -> 369 | S110: =+'Raw data'!K254 -> 37 | T110: =+'Raw data'!L254 -> 96 | ... Y110: =+'Raw data'!Q254 -> 1.7
A111: 2025 | B111: Regular | C111: =+C110 -> 6 | D111: =+D109+1 -> 55 | E111: =+'Raw data'!A234 -> Paralouistas | F111: =VLOOKUP(E111,Data!$E$2626:$F$2645,2,FALSE) -> Panos | H111: =+'Raw data'!A255 -> 1 | I111: =+'Raw data'!B255 -> 9 | J111: =+'Raw data'!C255 -> 3 | M111: =+'Raw data'!E255 -> 114 | N111: =+'Raw data'!F255 -> 0.463 | O111: =+'Raw data'!G255 -> 31 | P111: =+'Raw data'!H255 -> 0.337 | Q111: =+'Raw data'!I255 -> 0.667 | R111: =+'Raw data'!J255 -> 309 | S111: =+'Raw data'!K255 -> 28 | T111: =+'Raw data'!L255 -> 86 | ... Y111: =+'Raw data'!Q255 -> 1.7
A112: 2025 | B112: Regular | C112: =+C111 -> 6 | D112: =+D110+1 -> 56 | E112: =+'Raw data'!A235 -> Kourayo Vallecano | F112: =VLOOKUP(E112,Data!$E$2626:$F$2645,2,FALSE) -> Ziogas/Christof | H112: =+'Raw data'!A256 -> 10 | I112: =+'Raw data'!B256 -> 3 | J112: =+'Raw data'!C256 -> 0 | M112: =+'Raw data'!E256 -> 177 | N112: =+'Raw data'!F256 -> 0.457 | O112: =+'Raw data'!G256 -> 55 | P112: =+'Raw data'!H256 -> 0.337 | Q112: =+'Raw data'!I256 -> 0.8 | R112: =+'Raw data'!J256 -> 497 | S112: =+'Raw data'!K256 -> 57 | T112: =+'Raw data'!L256 -> 158 | ... Y112: =+'Raw data'!Q256 -> 1.89
A113: 2025 | B113: Regular | C113: =+C112 -> 6 | D113: =+D111+1 -> 56 | E113: =+'Raw data'!A236 -> Steven Adams' Moustache | F113: =VLOOKUP(E113,Data!$E$2626:$F$2645,2,FALSE) -> Johnny | H113: =+'Raw data'!A257 -> 3 | I113: =+'Raw data'!B257 -> 10 | J113: =+'Raw data'!C257 -> 0 | M113: =+'Raw data'!E257 -> 123 | N113: =+'Raw data'!F257 -> 0.444 | O113: =+'Raw data'!G257 -> 46 | P113: =+'Raw data'!H257 -> 0.341 | Q113: =+'Raw data'!I257 -> 0.725 | R113: =+'Raw data'!J257 -> 350 | S113: =+'Raw data'!K257 -> 20 | T113: =+'Raw data'!L257 -> 80 | ... Y113: =+'Raw data'!Q257 -> 2.15
A114: 2025 | B114: Regular | C114: =+C113 -> 6 | D114: =+D112+1 -> 57 | E114: =+'Raw data'!A237 -> The Bridgeburners | F114: =VLOOKUP(E114,Data!$E$2626:$F$2645,2,FALSE) -> Fanis | H114: =+'Raw data'!A258 -> 10 | I114: =+'Raw data'!B258 -> 1 | J114: =+'Raw data'!C258 -> 2 | M114: =+'Raw data'!E258 -> 184 | N114: =+'Raw data'!F258 -> 0.497 | O114: =+'Raw data'!G258 -> 48 | P114: =+'Raw data'!H258 -> 0.372 | Q114: =+'Raw data'!I258 -> 0.795 | R114: =+'Raw data'!J258 -> 474 | S114: =+'Raw data'!K258 -> 51 | T114: =+'Raw data'!L258 -> 130 | ... Y114: =+'Raw data'!Q258 -> 2.02
... A121: 2025 | B121: Regular | C121: =+C120 -> 6 | D121: =+D119+1 -> 60 | E121: =+'Raw data'!A244 -> purple fuzzy apache pirates | F121: =VLOOKUP(E121,Data!$E$2626:$F$2645,2,FALSE) -> pi/Sotiris | H121: =+'Raw data'!A265 -> 7 | I121: =+'Raw data'!B265 -> 4 | J121: =+'Raw data'!C265 -> 2 | M121: =+'Raw data'!E265 -> 153 | N121: =+'Raw data'!F265 -> 0.537 | O121: =+'Raw data'!G265 -> 54 | P121: =+'Raw data'!H265 -> 0.406 | Q121: =+'Raw data'!I265 -> 0.822 | R121: =+'Raw data'!J265 -> 443 | S121: =+'Raw data'!K265 -> 32 | T121: =+'Raw data'!L265 -> 125 | ... Y121: =+'Raw data'!Q265 -> 2.22
A122: 2025 | B122: Regular | C122: =+C121+1 -> 7 | D122: =+D120+1 -> 61 | E122: =+'Raw data'!A269 -> Karafli Saita | F122: =VLOOKUP(E122,Data!$E$2626:$F$2645,2,FALSE) -> Tassos | H122: =+'Raw data'!A290 -> 11 | I122: =+'Raw data'!B290 -> 2 | J122: =+'Raw data'!C290 -> 0 | M122: =+'Raw data'!E290 -> 254 | N122: =+'Raw data'!F290 -> 0.502 | O122: =+'Raw data'!G290 -> 64 | P122: =+'Raw data'!H290 -> 0.381 | Q122: =+'Raw data'!I290 -> 0.862 | R122: =+'Raw data'!J290 -> 697 | S122: =+'Raw data'!K290 -> 35 | T122: =+'Raw data'!L290 -> 151 | ... Y122: =+'Raw data'!Q290 -> 2.8
A123: 2025 | B123: Regular | C123: =+C122 -> 7 | D123: =+D121+1 -> 61 | E123: =+'Raw data'!A270 -> LRBP PR3DATORS | F123: =VLOOKUP(E123,Data!$E$2626:$F$2645,2,FALSE) -> Lafa | H123: =+'Raw data'!A291 -> 2 | I123: =+'Raw data'!B291 -> 11 | J123: =+'Raw data'!C291 -> 0 | M123: =+'Raw data'!E291 -> 184 | N123: =+'Raw data'!F291 -> 0.504 | O123: =+'Raw data'!G291 -> 39 | P123: =+'Raw data'!H291 -> 0.315 | Q123: =+'Raw data'!I291 -> 0.779 | R123: =+'Raw data'!J291 -> 523 | S123: =+'Raw data'!K291 -> 36 | T123: =+'Raw data'!L291 -> 127 | ... Y123: =+'Raw data'!Q291 -> 1.82
A124: 2025 | B124: Regular | C124: =+C123 -> 7 | D124: =+D122+1 -> 62 | E124: =+'Raw data'!A271 -> Pachiana NinjaBees | F124: =VLOOKUP(E124,Data!$E$2626:$F$2645,2,FALSE) -> Spiridaus/Oladipas | H124: =+'Raw data'!A292 -> 4 | I124: =+'Raw data'!B292 -> 9 | J124: =+'Raw data'!C292 -> 0 | M124: =+'Raw data'!E292 -> 124 | N124: =+'Raw data'!F292 -> 0.459 | O124: =+'Raw data'!G292 -> 36 | P124: =+'Raw data'!H292 -> 0.356 | Q124: =+'Raw data'!I292 -> 0.768 | R124: =+'Raw data'!J292 -> 327 | S124: =+'Raw data'!K292 -> 26 | T124: =+'Raw data'!L292 -> 87 | ... Y124: =+'Raw data'!Q292 -> 1.87
A125: 2025 | B125: Regular | C125: =+C124 -> 7 | D125: =+D123+1 -> 62 | E125: =+'Raw data'!A272 -> Fighting Thaddeus | F125: =VLOOKUP(E125,Data!$E$2626:$F$2645,2,FALSE) -> Stavros | H125: =+'Raw data'!A293 -> 9 | I125: =+'Raw data'!B293 -> 4 | J125: =+'Raw data'!C293 -> 0 | M125: =+'Raw data'!E293 -> 183 | N125: =+'Raw data'!F293 -> 0.459 | O125: =+'Raw data'!G293 -> 61 | P125: =+'Raw data'!H293 -> 0.37 | Q125: =+'Raw data'!I293 -> 0.837 | R125: =+'Raw data'!J293 -> 499 | S125: =+'Raw data'!K293 -> 39 | T125: =+'Raw data'!L293 -> 120 | ... Y125: =+'Raw data'!Q293 -> 1.72
A126: 2025 | B126: Regular | C126: =+C125 -> 7 | D126: =+D124+1 -> 63 | E126: =+'Raw data'!A273 -> st.Helens Eruptions | F126: =VLOOKUP(E126,Data!$E$2626:$F$2645,2,FALSE) -> Aris | H126: =+'Raw data'!A294 -> 6 | I126: =+'Raw data'!B294 -> 7 | J126: =+'Raw data'!C294 -> 0 | M126: =+'Raw data'!E294 -> 140 | N126: =+'Raw data'!F294 -> 0.42 | O126: =+'Raw data'!G294 -> 35 | P126: =+'Raw data'!H294 -> 0.327 | Q126: =+'Raw data'!I294 -> 0.764 | R126: =+'Raw data'!J294 -> 357 | S126: =+'Raw data'!K294 -> 37 | T126: =+'Raw data'!L294 -> 125 | ... Y126: =+'Raw data'!Q294 -> 1.7
A127: 2025 | B127: Regular | C127: =+C126 -> 7 | D127: =+D125+1 -> 63 | E127: =+'Raw data'!A274 -> Hércules Pals | F127: =VLOOKUP(E127,Data!$E$2626:$F$2645,2,FALSE) -> #N/A | H127: =+'Raw data'!A295 -> 7 | I127: =+'Raw data'!B295 -> 6 | J127: =+'Raw data'!C295 -> 0 | M127: =+'Raw data'!E295 -> 128 | N127: =+'Raw data'!F295 -> 0.49 | O127: =+'Raw data'!G295 -> 47 | P127: =+'Raw data'!H295 -> 0.385 | Q127: =+'Raw data'!I295 -> 0.692 | R127: =+'Raw data'!J295 -> 348 | S127: =+'Raw data'!K295 -> 56 | T127: =+'Raw data'!L295 -> 112 | ... Y127: =+'Raw data'!Q295 -> 1.54
A128: 2025 | B128: Regular | C128: =+C127 -> 7 | D128: =+D126+1 -> 64 | E128: =+'Raw data'!A275 -> Paralouistas | F128: =VLOOKUP(E128,Data!$E$2626:$F$2645,2,FALSE) -> Panos | H128: =+'Raw data'!A296 -> 4 | I128: =+'Raw data'!B296 -> 9 | J128: =+'Raw data'!C296 -> 0 | M128: =+'Raw data'!E296 -> 149 | N128: =+'Raw data'!F296 -> 0.429 | O128: =+'Raw data'!G296 -> 54 | P128: =+'Raw data'!H296 -> 0.388 | Q128: =+'Raw data'!I296 -> 0.802 | R128: =+'Raw data'!J296 -> 425 | S128: =+'Raw data'!K296 -> 36 | T128: =+'Raw data'!L296 -> 119 | ... Y128: =+'Raw data'!Q296 -> 2.04
A129: 2025 | B129: Regular | C129: =+C128 -> 7 | D129: =+D127+1 -> 64 | E129: =+'Raw data'!A276 -> Tsarlatans | F129: =VLOOKUP(E129,Data!$E$2626:$F$2645,2,FALSE) -> Tzokos | H129: =+'Raw data'!A297 -> 9 | I129: =+'Raw data'!B297 -> 4 | J129: =+'Raw data'!C297 -> 0 | M129: =+'Raw data'!E297 -> 156 | N129: =+'Raw data'!F297 -> 0.474 | O129: =+'Raw data'!G297 -> 51 | P129: =+'Raw data'!H297 -> 0.383 | Q129: =+'Raw data'!I297 -> 0.815 | R129: =+'Raw data'!J297 -> 416 | S129: =+'Raw data'!K297 -> 46 | T129: =+'Raw data'!L297 -> 153 | ... Y129: =+'Raw data'!Q297 -> 2.23
A130: 2025 | B130: Regular | C130: =+C129 -> 7 | D130: =+D128+1 -> 65 | E130: =+'Raw data'!A277 -> Steven Adams' Moustache | F130: =VLOOKUP(E130,Data!$E$2626:$F$2645,2,FALSE) -> Johnny | H130: =+'Raw data'!A298 -> 2 | I130: =+'Raw data'!B298 -> 11 | J130: =+'Raw data'!C298 -> 0 | M130: =+'Raw data'!E298 -> 155 | N130: =+'Raw data'!F298 -> 0.483 | O130: =+'Raw data'!G298 -> 51 | P130: =+'Raw data'!H298 -> 0.359 | Q130: =+'Raw data'!I298 -> 0.867 | R130: =+'Raw data'!J298 -> 439 | S130: =+'Raw data'!K298 -> 27 | T130: =+'Raw data'!L298 -> 110 | ... Y130: =+'Raw data'!Q298 -> 1.52
A131: 2025 | B131: Regular | C131: =+C130 -> 7 | D131: =+D129+1 -> 65 | E131: =+'Raw data'!A278 -> The Guns | F131: =VLOOKUP(E131,Data!$E$2626:$F$2645,2,FALSE) -> Vasilis | H131: =+'Raw data'!A299 -> 11 | I131: =+'Raw data'!B299 -> 2 | J131: =+'Raw data'!C299 -> 0 | M131: =+'Raw data'!E299 -> 181 | N131: =+'Raw data'!F299 -> 0.506 | O131: =+'Raw data'!G299 -> 61 | P131: =+'Raw data'!H299 -> 0.449 | Q131: =+'Raw data'!I299 -> 0.832 | R131: =+'Raw data'!J299 -> 502 | S131: =+'Raw data'!K299 -> 34 | T131: =+'Raw data'!L299 -> 124 | ... Y131: =+'Raw data'!Q299 -> 2.36
A132: 2025 | B132: Regular | C132: =+C131 -> 7 | D132: =+D130+1 -> 66 | E132: =+'Raw data'!A279 -> Salonika Devils | F132: =VLOOKUP(E132,Data!$E$2626:$F$2645,2,FALSE) -> Fountos | H132: =+'Raw data'!A300 -> 2 | I132: =+'Raw data'!B300 -> 11 | J132: =+'Raw data'!C300 -> 0 | M132: =+'Raw data'!E300 -> 104 | N132: =+'Raw data'!F300 -> 0.454 | O132: =+'Raw data'!G300 -> 25 | P132: =+'Raw data'!H300 -> 0.301 | Q132: =+'Raw data'!I300 -> 0.8 | R132: =+'Raw data'!J300 -> 297 | S132: =+'Raw data'!K300 -> 35 | T132: =+'Raw data'!L300 -> 95 | ... Y132: =+'Raw data'!Q300 -> 1.52
A133: 2025 | B133: Regular | C133: =+C132 -> 7 | D133: =+D131+1 -> 66 | E133: =+'Raw data'!A280 -> Xanthi Ducks 🦆 | F133: =VLOOKUP(E133,Data!$E$2626:$F$2645,2,FALSE) -> Kotakis | H133: =+'Raw data'!A301 -> 11 | I133: =+'Raw data'!B301 -> 2 | J133: =+'Raw data'!C301 -> 0 | M133: =+'Raw data'!E301 -> 159 | N133: =+'Raw data'!F301 -> 0.472 | O133: =+'Raw data'!G301 -> 75 | P133: =+'Raw data'!H301 -> 0.408 | Q133: =+'Raw data'!I301 -> 0.776 | R133: =+'Raw data'!J301 -> 445 | S133: =+'Raw data'!K301 -> 32 | T133: =+'Raw data'!L301 -> 96 | ... Y133: =+'Raw data'!Q301 -> 2.36
A134: 2025 | B134: Regular | C134: =+C133 -> 7 | D134: =+D132+1 -> 67 | E134: =+'Raw data'!A281 -> Samarina Dudenbros | F134: =VLOOKUP(E134,Data!$E$2626:$F$2645,2,FALSE) -> Sakellariou | H134: =+'Raw data'!A302 -> 6 | I134: =+'Raw data'!B302 -> 7 | J134: =+'Raw data'!C302 -> 0 | M134: =+'Raw data'!E302 -> 210 | N134: =+'Raw data'!F302 -> 0.469 | O134: =+'Raw data'!G302 -> 56 | P134: =+'Raw data'!H302 -> 0.331 | Q134: =+'Raw data'!I302 -> 0.796 | R134: =+'Raw data'!J302 -> 566 | S134: =+'Raw data'!K302 -> 51 | T134: =+'Raw data'!L302 -> 139 | ... Y134: =+'Raw data'!Q302 -> 1.98
... A141: 2025 | B141: Regular | C141: =+C140 -> 7 | D141: =+D139+1 -> 70 | E141: =+'Raw data'!A288 -> Guruuu 🐐🐐🐐 | F141: =VLOOKUP(E141,Data!$E$2626:$F$2645,2,FALSE) -> Guru | H141: =+'Raw data'!A309 -> 9 | I141: =+'Raw data'!B309 -> 4 | J141: =+'Raw data'!C309 -> 0 | M141: =+'Raw data'!E309 -> 206 | N141: =+'Raw data'!F309 -> 0.49 | O141: =+'Raw data'!G309 -> 62 | P141: =+'Raw data'!H309 -> 0.36 | Q141: =+'Raw data'!I309 -> 0.799 | R141: =+'Raw data'!J309 -> 581 | S141: =+'Raw data'!K309 -> 39 | T141: =+'Raw data'!L309 -> 97 | ... Y141: =+'Raw data'!Q309 -> 2.2
...

Sheet Raw data
B1: Paste at A3 (values only) and Find replace . With ,
A2: Scoring Period 1
A3: (Tue Oct 21. 2025 - Sun Oct 26. 2025)
A4: TeamWLTPtsFGMFG%3PTM3PT%FT%PTSOREBDREBASTSTBLKTOA/TO
A5: Kourayo Vallecano
A6: LRBP PR3DATORS
A7: Xanthi Ducks 🦆
A8: The Bridgeburners
A9: The Guns
A10: Heraklion Snakes
A11: Tsarlatans
A12: Guruuu 🐐🐐🐐
A13: Hércules Pals
... A24: Steven Adams' Moustache
A26: 6 | B26: 7 | C26: 0 | D26: 6 | E26: 127 | F26: 0.464 | G26: 30 | H26: 0.291 | I26: 0.743 | J26: 359 | K26: 46 | L26: 113 | M26: 82 | N26: 19 | O26: 12 | P26: 31 | Q26: 2.65
A27: 7 | B27: 6 | C27: 0 | D27: 7 | E27: 171 | F27: 0.46 | G27: 37 | H27: 0.291 | I27: 0.816 | J27: 508 | K27: 25 | L27: 132 | M27: 77 | N27: 17 | O27: 25 | P27: 66 | Q27: 1.17
A28: 3 | B28: 10 | C28: 0 | D28: 3 | E28: 85 | F28: 0.436 | G28: 31 | H28: 0.365 | I28: 0.766 | J28: 250 | K28: 38 | L28: 85 | M28: 50 | N28: 23 | O28: 13 | P28: 29 | Q28: 1.72
A29: 10 | B29: 3 | C29: 0 | D29: 10 | E29: 165 | F29: 0.493 | G29: 54 | H29: 0.394 | I29: 0.817 | J29: 473 | K29: 24 | L29: 109 | M29: 82 | N29: 29 | O29: 17 | P29: 50 | Q29: 1.64
A30: 10 | B30: 3 | C30: 0 | D30: 10 | E30: 165 | F30: 0.473 | G30: 38 | H30: 0.288 | I30: 0.826 | J30: 477 | K30: 41 | L30: 122 | M30: 89 | N30: 29 | O30: 20 | P30: 46 | Q30: 1.93
A31: 3 | B31: 10 | C31: 0 | D31: 3 | E31: 68 | F31: 0.456 | G31: 19 | H31: 0.345 | I31: 0.87 | J31: 195 | K31: 19 | L31: 54 | M31: 29 | N31: 9 | O31: 4 | P31: 24 | Q31: 1.21
A32: 5 | B32: 8 | C32: 0 | D32: 5 | E32: 130 | F32: 0.455 | G32: 24 | H32: 0.293 | I32: 0.839 | J32: 357 | K32: 33 | L32: 107 | M32: 89 | N32: 17 | O32: 12 | P32: 58 | Q32: 1.53
A33: 8 | B33: 5 | C33: 0 | D33: 8 | E33: 125 | F33: 0.448 | G33: 44 | H33: 0.361 | I33: 0.765 | J33: 398 | K33: 36 | L33: 83 | M33: 102 | N33: 28 | O33: 7 | P33: 32 | Q33: 3.19
A34: 3 | B34: 10 | C34: 0 | D34: 3 | E34: 66 | F34: 0.379 | G34: 32 | H34: 0.39 | I34: 0.822 | J34: 201 | K34: 30 | L34: 78 | M34: 54 | N34: 19 | O34: 5 | P34: 27 | Q34: 2
A35: 10 | B35: 3 | C35: 0 | D35: 10 | E35: 129 | F35: 0.52 | G35: 36 | H35: 0.419 | I35: 0.802 | J35: 387 | K35: 35 | L35: 105 | M35: 63 | N35: 25 | O35: 13 | P35: 53 | Q35: 1.19
A36: 3 | B36: 10 | C36: 0 | D36: 3 | E36: 123 | F36: 0.424 | G36: 54 | H36: 0.353 | I36: 0.883 | J36: 368 | K36: 21 | L36: 106 | M36: 91 | N36: 27 | O36: 13 | P36: 43 | Q36: 2.12
A37: 10 | B37: 3 | C37: 0 | D37: 10 | E37: 207 | F37: 0.552 | G37: 56 | H37: 0.418 | I37: 0.782 | J37: 585 | K37: 29 | L37: 156 | M37: 135 | N37: 29 | O37: 11 | P37: 55 | Q37: 2.45
... A45: 4 | B45: 9 | C45: 0 | D45: 4 | E45: 94 | F45: 0.463 | G45: 29 | H45: 0.333 | I45: 0.75 | J45: 259 | K45: 30 | L45: 67 | M45: 52 | N45: 12 | O45: 10 | P45: 34 | Q45: 1.53
A46: Scoring Period 2
A47: (Mon Oct 27. 2025 - Sun Nov 2. 2025)
A48: TeamWLTPtsFGMFG%3PTM3PT%FT%PTSOREBDREBASTSTBLKTOA/TO
A49: LRBP PR3DATORS
A50: Xanthi Ducks 🦆
A51: Kourayo Vallecano
A52: The Guns
A53: The Bridgeburners
A54: Tsarlatans
A55: Heraklion Snakes
A56: Hércules Pals
A57: Guruuu 🐐🐐🐐
... A68: Steven Adams' Moustache
A70: 7 | B70: 6 | C70: 0 | D70: 7 | E70: 161 | F70: 0.503 | G70: 45 | H70: 0.429 | I70: 0.729 | J70: 464 | K70: 47 | L70: 136 | M70: 93 | N70: 29 | O70: 27 | P70: 54 | Q70: 1.72
A71: 6 | B71: 7 | C71: 0 | D71: 6 | E71: 149 | F71: 0.527 | G71: 43 | H71: 0.406 | I71: 0.812 | J71: 397 | K71: 55 | L71: 146 | M71: 115 | N71: 19 | O71: 17 | P71: 56 | Q71: 2.05
A72: 3 | B72: 10 | C72: 0 | D72: 3 | E72: 181 | F72: 0.469 | G72: 53 | H72: 0.346 | I72: 0.828 | J72: 521 | K72: 49 | L72: 110 | M72: 80 | N72: 22 | O72: 14 | P72: 39 | Q72: 2.05
A73: 10 | B73: 3 | C73: 0 | D73: 10 | E73: 212 | F73: 0.47 | G73: 75 | H73: 0.359 | I73: 0.895 | J73: 601 | K73: 36 | L73: 151 | M73: 133 | N73: 40 | O73: 13 | P73: 60 | Q73: 2.22
A74: 8 | B74: 5 | C74: 0 | D74: 8 | E74: 170 | F74: 0.449 | G74: 54 | H74: 0.338 | I74: 0.724 | J74: 486 | K74: 50 | L74: 140 | M74: 83 | N74: 28 | O74: 18 | P74: 45 | Q74: 1.84
A75: 5 | B75: 8 | C75: 0 | D75: 5 | E75: 144 | F75: 0.451 | G75: 22 | H75: 0.22 | I75: 0.776 | J75: 369 | K75: 36 | L75: 125 | M75: 102 | N75: 26 | O75: 23 | P75: 47 | Q75: 2.17
A76: 5 | B76: 8 | C76: 0 | D76: 5 | E76: 71 | F76: 0.522 | G76: 21 | H76: 0.382 | I76: 0.886 | J76: 194 | K76: 18 | L76: 40 | M76: 37 | N76: 12 | O76: 6 | P76: 16 | Q76: 2.31
A77: 8 | B77: 5 | C77: 0 | D77: 8 | E77: 102 | F77: 0.406 | G77: 38 | H77: 0.325 | I77: 0.75 | J77: 290 | K77: 41 | L77: 86 | M77: 74 | N77: 26 | O77: 15 | P77: 40 | Q77: 1.85
A78: 6 | B78: 7 | C78: 0 | D78: 6 | E78: 135 | F78: 0.447 | G78: 55 | H78: 0.39 | I78: 0.857 | J78: 415 | K78: 27 | L78: 89 | M78: 101 | N78: 29 | O78: 13 | P78: 50 | Q78: 2.02
A79: 7 | B79: 6 | C79: 0 | D79: 7 | E79: 160 | F79: 0.428 | G79: 70 | H79: 0.365 | I79: 0.846 | J79: 467 | K79: 31 | L79: 124 | M79: 113 | N79: 25 | O79: 14 | P79: 56 | Q79: 2.02
A80: 3 | B80: 10 | C80: 0 | D80: 3 | E80: 173 | F80: 0.451 | G80: 56 | H80: 0.384 | I80: 0.83 | J80: 490 | K80: 44 | L80: 107 | M80: 122 | N80: 28 | O80: 14 | P80: 73 | Q80: 1.67
A81: 10 | B81: 3 | C81: 0 | D81: 10 | E81: 200 | F81: 0.476 | G81: 60 | H81: 0.353 | I81: 0.821 | J81: 570 | K81: 27 | L81: 121 | M81: 151 | N81: 35 | O81: 24 | P81: 66 | Q81: 2.29
... A89: 6 | B89: 7 | C89: 0 | D89: 6 | E89: 135 | F89: 0.467 | G89: 69 | H89: 0.418 | I89: 0.831 | J89: 388 | K89: 33 | L89: 96 | M89: 93 | N89: 29 | O89: 15 | P89: 35 | Q89: 2.66
A90: Scoring Period 3
A91: (Mon Nov 3. 2025 - Sun Nov 9. 2025)
A92: TeamWLTPtsFGMFG%3PTM3PT%FT%PTSOREBDREBASTSTBLKTOA/TO
A93: The Guns
A94: LRBP PR3DATORS
A95: Tsarlatans
A96: Xanthi Ducks 🦆
A97: Hércules Pals
A98: Kourayo Vallecano
A99: Fighting Thaddeus
A100: The Bridgeburners
A101: Karafli Saita
... A112: Samarina Dudenbros
A114: 6 | B114: 7 | C114: 0 | D114: 6 | E114: 133 | F114: 0.482 | G114: 56 | H114: 0.444 | I114: 0.854 | J114: 410 | K114: 29 | L114: 91 | M114: 87 | N114: 21 | O114: 15 | P114: 44 | Q114: 1.98
A115: 7 | B115: 6 | C115: 0 | D115: 7 | E115: 184 | F115: 0.471 | G115: 43 | H115: 0.35 | I115: 0.777 | J115: 540 | K115: 52 | L115: 187 | M115: 120 | N115: 35 | O115: 33 | P115: 71 | Q115: 1.69
A116: 4 | B116: 9 | C116: 0 | D116: 4 | E116: 137 | F116: 0.431 | G116: 32 | H116: 0.288 | I116: 0.765 | J116: 381 | K116: 51 | L116: 147 | M116: 109 | N116: 33 | O116: 29 | P116: 77 | Q116: 1.42
A117: 9 | B117: 4 | C117: 0 | D117: 9 | E117: 159 | F117: 0.51 | G117: 49 | H117: 0.408 | I117: 0.808 | J117: 430 | K117: 42 | L117: 121 | M117: 91 | N117: 41 | O117: 16 | P117: 46 | Q117: 1.98
A118: 4 | B118: 9 | C118: 0 | D118: 4 | E118: 108 | F118: 0.427 | G118: 49 | H118: 0.374 | I118: 0.789 | J118: 310 | K118: 40 | L118: 101 | M118: 72 | N118: 24 | O118: 18 | P118: 57 | Q118: 1.26
A119: 9 | B119: 4 | C119: 0 | D119: 9 | E119: 174 | F119: 0.474 | G119: 50 | H119: 0.34 | I119: 0.77 | J119: 475 | K119: 47 | L119: 134 | M119: 110 | N119: 37 | O119: 15 | P119: 60 | Q119: 1.83
A120: 5 | B120: 8 | C120: 0 | D120: 5 | E120: 148 | F120: 0.425 | G120: 55 | H120: 0.346 | I120: 0.797 | J120: 410 | K120: 25 | L120: 91 | M120: 99 | N120: 38 | O120: 22 | P120: 50 | Q120: 1.98
A121: 8 | B121: 5 | C121: 0 | D121: 8 | E121: 167 | F121: 0.461 | G121: 43 | H121: 0.333 | I121: 0.84 | J121: 466 | K121: 73 | L121: 125 | M121: 102 | N121: 32 | O121: 24 | P121: 58 | Q121: 1.76
A122: 11 | B122: 2 | C122: 0 | D122: 11 | E122: 242 | F122: 0.487 | G122: 50 | H122: 0.298 | I122: 0.797 | J122: 648 | K122: 40 | L122: 146 | M122: 130 | N122: 38 | O122: 41 | P122: 73 | Q122: 1.78
A123: 2 | B123: 11 | C123: 0 | D123: 2 | E123: 76 | F123: 0.434 | G123: 19 | H123: 0.328 | I123: 0.694 | J123: 196 | K123: 29 | L123: 60 | M123: 44 | N123: 18 | O123: 4 | P123: 27 | Q123: 1.63
A124: 6 | B124: 7 | C124: 0 | D124: 6 | E124: 147 | F124: 0.468 | G124: 43 | H124: 0.368 | I124: 0.835 | J124: 403 | K124: 38 | L124: 99 | M124: 94 | N124: 37 | O124: 23 | P124: 57 | Q124: 1.65
A125: 7 | B125: 6 | C125: 0 | D125: 7 | E125: 183 | F125: 0.485 | G125: 55 | H125: 0.367 | I125: 0.784 | J125: 512 | K125: 33 | L125: 133 | M125: 137 | N125: 34 | O125: 16 | P125: 73 | Q125: 1.88
... A133: 7 | B133: 6 | C133: 0 | D133: 7 | E133: 175 | F133: 0.468 | G133: 74 | H133: 0.435 | I133: 0.929 | J133: 503 | K133: 31 | L133: 94 | M133: 134 | N133: 42 | O133: 5 | P133: 50 | Q133: 2.68
A134: Scoring Period 4
A135: (Mon Nov 10. 2025 - Sun Nov 16. 2025)
A136: TeamWLTPtsFGMFG%3PTM3PT%FT%PTSOREBDREBASTSTBLKTOA/TO
A137: LRBP PR3DATORS
A138: Tsarlatans
A139: The Guns
A140: Hércules Pals
A141: Xanthi Ducks 🦆
A142: Fighting Thaddeus
A143: Kourayo Vallecano
A144: Karafli Saita
A145: The Bridgeburners
... A156: Samarina Dudenbros
A158: 7 | B158: 6 | C158: 0 | D158: 7 | E158: 219 | F158: 0.465 | G158: 67 | H158: 0.396 | I158: 0.811 | J158: 642 | K158: 58 | L158: 156 | M158: 143 | N158: 29 | O158: 23 | P158: 80 | Q158: 1.79
A159: 6 | B159: 7 | C159: 0 | D159: 6 | E159: 182 | F159: 0.519 | G159: 52 | H159: 0.419 | I159: 0.832 | J159: 505 | K159: 60 | L159: 165 | M159: 106 | N159: 27 | O159: 18 | P159: 66 | Q159: 1.61
A160: 10 | B160: 3 | C160: 0 | D160: 10 | E160: 157 | F160: 0.44 | G160: 58 | H160: 0.345 | I160: 0.878 | J160: 458 | K160: 26 | L160: 114 | M160: 114 | N160: 35 | O160: 19 | P160: 71 | Q160: 1.61
A161: 3 | B161: 10 | C161: 0 | D161: 3 | E161: 89 | F161: 0.426 | G161: 38 | H161: 0.325 | I161: 0.896 | J161: 259 | K161: 42 | L161: 90 | M161: 49 | N161: 17 | O161: 15 | P161: 44 | Q161: 1.11
A162: 5 | B162: 8 | C162: 0 | D162: 5 | E162: 144 | F162: 0.491 | G162: 37 | H162: 0.336 | I162: 0.742 | J162: 371 | K162: 44 | L162: 128 | M162: 88 | N162: 36 | O162: 19 | P162: 53 | Q162: 1.66
A163: 8 | B163: 5 | C163: 0 | D163: 8 | E163: 155 | F163: 0.456 | G163: 72 | H163: 0.396 | I163: 0.814 | J163: 452 | K163: 18 | L163: 103 | M163: 94 | N163: 24 | O163: 14 | P163: 33 | Q163: 2.85
A164: 10 | B164: 2 | C164: 1 | D164: 10.5 | E164: 200 | F164: 0.489 | G164: 76 | H164: 0.409 | I164: 0.876 | J164: 582 | K164: 53 | L164: 132 | M164: 124 | N164: 32 | O164: 17 | P164: 43 | Q164: 2.88
A165: 2 | B165: 10 | C165: 1 | D165: 2.5 | E165: 189 | F165: 0.451 | G165: 36 | H165: 0.293 | I165: 0.794 | J165: 522 | K165: 37 | L165: 135 | M165: 116 | N165: 32 | O165: 18 | P165: 50 | Q165: 2.32
...
